Affx-88809707,1A,0.0000
Affx-88809439,1A,0.6211
Affx-88809334,1A,1.8712
Affx-88809203,1A,2.4923
Affx-88810900,1A,3.1134
Affx-88810897,1A,3.7346
Affx-88810862,1A,4.9846
Affx-88810769,1A,5.6058
Affx-88810623,1A,6.2269
Affx-88810461,1A,7.4770
Affx-88810376,1A,8.1704
Affx-88810283,1A,8.7916
Affx-88810333,1A,8.7916
Affx-88810176,1A,10.0416
Affx-88810086,1A,10.6627
Affx-88809957,1A,10.6627
Affx-88809893,1A,12.5498
Affx-88809863,1A,12.5498
Affx-88809876,1A,12.5498
Affx-88812128,1A,13.3823
Affx-88812163,1A,13.7959
Affx-88812168,1A,13.7959
Affx-88869527,1A,15.0610
Affx-88811434,1A,16.9708
Affx-88811496,1A,17.5994
Affx-88811667,1A,18.2280
Affx-88811702,1A,18.8566
Affx-88811809,1A,19.4852
Affx-88811846,1A,20.1138
Affx-88812303,1A,20.7424
Affx-88812436,1A,21.3710
Affx-88812496,1A,22.6362
Affx-88812556,1A,23.9013
Affx-88903188,1A,24.5299
Affx-88812590,1A,25.1585
Affx-88812721,1A,28.6246
Affx-88812689,1A,29.0529
Affx-88812800,1A,29.2385
Affx-88812836,1A,32.3868
Affx-88812728,1A,33.6266
Affx-88812904,1A,34.2552
Affx-88812923,1A,35.5203
Affx-88812915,1A,35.5351
Affx-88813093,1A,36.1489
Affx-88812998,1A,36.1489
Affx-88813243,1A,36.5835
Affx-88813288,1A,37.9039
Affx-88813352,1A,38.3386
Affx-88813421,1A,38.3386
Affx-88813414,1A,38.3386
Affx-88813433,1A,38.9607
Affx-88813476,1A,39.5828
Affx-88813477,1A,39.5867
Affx-88813610,1A,40.8348
Affx-88813557,1A,40.8348
Affx-88813611,1A,41.7783
Affx-88813706,1A,41.7783
Affx-88813700,1A,41.7783
Affx-88813756,1A,42.3994
Affx-88813749,1A,42.3994
Affx-88813866,1A,43.3429
Affx-88813795,1A,44.5531
Affx-88814102,1A,44.7523
Affx-88813923,1A,45.7633
Affx-88814089,1A,46.1616
Affx-88814053,1A,46.1616
Affx-88814118,1A,46.4722
Affx-88814117,1A,46.4722
Affx-88814063,1A,46.4722
Affx-88814169,1A,47.0644
Affx-88814396,1A,47.1252
Affx-88814402,1A,48.2563
Affx-88814437,1A,48.4395
Affx-88814389,1A,48.8485
Affx-88814484,1A,49.0925
Affx-88814464,1A,49.4407
Affx-88814523,1A,49.7455
Affx-88814496,1A,50.0329
Affx-88814559,1A,50.0329
Affx-88889691,1A,53.7018
Affx-88889555,1A,54.8937
Affx-88889741,1A,55.2119
Affx-88889595,1A,55.8649
Affx-88889514,1A,56.5179
Affx-88889513,1A,56.6929
Affx-88889489,1A,57.1709
Affx-88889462,1A,57.8239
Affx-88889543,1A,57.8847
Affx-88889369,1A,58.4769
Affx-88889368,1A,58.4769
Affx-88890532,1A,58.4769
Affx-88889341,1A,58.8316
Affx-88889328,1A,58.8316
Affx-88889226,1A,59.9092
Affx-88889190,1A,60.2639
Affx-88889119,1A,60.6186
Affx-88817040,1A,60.9733
Affx-88816918,1A,60.9733
Affx-88816880,1A,60.9733
Affx-88889036,1A,61.2838
Affx-88817049,1A,62.1163
Affx-88817003,1A,62.5300
Affx-88817086,1A,62.5300
Affx-88817213,1A,63.1511
Affx-88817147,1A,63.1511
Affx-88817196,1A,63.1511
Affx-88817223,1A,63.1511
Affx-88817820,1A,64.0867
Affx-88817279,1A,64.0867
Affx-88817359,1A,65.0302
Affx-88817447,1A,65.9737
Affx-88817803,1A,66.2843
Affx-88817822,1A,66.2843
Affx-88817809,1A,66.2843
Affx-88817794,1A,66.2843
Affx-88818110,1A,67.5384
Affx-88818122,1A,67.5384
Affx-88818345,1A,67.5384
Affx-88816726,1A,68.4739
Affx-88818515,1A,68.4739
Affx-88818516,1A,68.8880
Affx-88818470,1A,69.3021
Affx-88818538,1A,69.7162
Affx-88902529,1A,69.7162
Affx-88818560,1A,69.7162
Affx-88816677,1A,70.6518
Affx-88816618,1A,70.6518
Affx-88816612,1A,70.9624
Affx-88816525,1A,70.9624
Affx-88817418,1A,71.9059
Affx-88817382,1A,72.5270
Affx-88817532,1A,72.5270
Affx-88816501,1A,72.9406
Affx-88817761,1A,73.7732
Affx-88817617,1A,74.3982
Affx-88817614,1A,74.7087
Affx-88891560,1A,74.7087
Affx-88891534,1A,74.7087
Affx-88891563,1A,75.0193
Affx-88815961,1A,75.3299
Affx-88815959,1A,75.3299
Affx-88816093,1A,75.6404
Affx-88817877,1A,76.4729
Affx-88818042,1A,76.8866
Affx-88815175,1A,76.8866
Affx-88817975,1A,76.8866
Affx-88815182,1A,78.1527
Affx-88815178,1A,78.4633
Affx-88815203,1A,78.4633
Affx-88815153,1A,78.9291
Affx-88885949,1A,79.3949
Affx-88885993,1A,79.3949
Affx-88902811,1A,79.3949
Affx-88886000,1A,79.7055
Affx-88885994,1A,79.7055
Affx-88815774,1A,80.6411
Affx-88815847,1A,80.6411
Affx-88815779,1A,81.0547
Affx-88815730,1A,81.8873
Affx-88815726,1A,81.8873
Affx-88815748,1A,82.1978
Affx-88815690,1A,82.8229
Affx-88815644,1A,83.2887
Affx-88840635,1A,83.7545
Affx-88814988,1A,83.7545
Affx-88814640,1A,83.7545
Affx-88819142,1A,84.0651
Affx-88819155,1A,84.7737
Affx-88814934,1A,89.9295
Affx-88809664,1B,0.0000
Affx-88809546,1B,0.6211
Affx-88810916,1B,1.2423
Affx-88810604,1B,1.8634
Affx-88810577,1B,1.8634
Affx-88810638,1B,1.8634
Affx-88810515,1B,2.4845
Affx-88810621,1B,2.4845
Affx-88810631,1B,2.4845
Affx-88810329,1B,3.1056
Affx-88810297,1B,3.1056
Affx-88810234,1B,3.5715
Affx-88810349,1B,4.0373
Affx-88810262,1B,4.0373
Affx-88809965,1B,5.5498
Affx-88810064,1B,6.0476
Affx-88809948,1B,6.5455
Affx-88809884,1B,6.5455
Affx-88809857,1B,7.1666
Affx-88812173,1B,7.1666
Affx-88812063,1B,7.7877
Affx-88812068,1B,7.7877
Affx-88869566,1B,8.8806
Affx-88869539,1B,9.1058
Affx-88869639,1B,9.5396
Affx-88869538,1B,9.9735
Affx-88850387,1B,10.5985
Affx-88811428,1B,10.5985
Affx-88869663,1B,11.0957
Affx-88869643,1B,11.4258
Affx-88811778,1B,12.0964
Affx-88811449,1B,12.5936
Affx-88811566,1B,13.0908
Affx-88811647,1B,13.4014
Affx-88811775,1B,14.3370
Affx-88811705,1B,14.3370
Affx-88811802,1B,15.0908
Affx-88812226,1B,15.8446
Affx-88812304,1B,17.3618
Affx-88812665,1B,17.6090
Affx-88812409,1B,18.1156
Affx-88812618,1B,18.1372
Affx-88812433,1B,18.8695
Affx-88812713,1B,19.2001
Affx-88812462,1B,19.6233
Affx-88812734,1B,19.7283
Affx-88813032,1B,21.8814
Affx-88812547,1B,21.9135
Affx-88812518,1B,23.4306
Affx-88812883,1B,24.9478
Affx-88813218,1B,25.7016
Affx-88813346,1B,26.3026
Affx-88813257,1B,26.4555
Affx-88813269,1B,27.2093
Affx-88813341,1B,27.9631
Affx-88813282,1B,27.9631
Affx-88813358,1B,28.7170
Affx-88813654,1B,29.0115
Affx-88813542,1B,29.4708
Affx-88813737,1B,29.5396
Affx-88813574,1B,30.2246
Affx-88813811,1B,30.6026
Affx-88813841,1B,31.6655
Affx-88813746,1B,31.7418
Affx-88813852,1B,32.4956
Affx-88813953,1B,34.7858
Affx-88814004,1B,34.9375
Affx-88814328,1B,35.4657
Affx-88814090,1B,35.5396
Affx-88814317,1B,35.9938
Affx-88814243,1B,36.2935
Affx-88814597,1B,37.5984
Affx-88814536,1B,37.8106
Affx-88814574,1B,38.1265
Affx-88814580,1B,38.5644
Affx-88849717,1B,40.0816
Affx-88889707,1B,40.8354
Affx-88889716,1B,40.8354
Affx-88889518,1B,42.0908
Affx-88889509,1B,42.7145
Affx-88889451,1B,42.7145
Affx-88889482,1B,42.7145
Affx-88889371,1B,43.9666
Affx-88889171,1B,44.5985
Affx-88889031,1B,45.2187
Affx-88816902,1B,45.5292
Affx-88816865,1B,45.5292
Affx-88816846,1B,46.6281
Affx-88817206,1B,47.2941
Affx-88817198,1B,47.7270
Affx-88817024,1B,48.3501
Affx-88817357,1B,48.9732
Affx-88817274,1B,48.9732
Affx-88877697,1B,49.4897
Affx-88817318,1B,49.7520
Affx-88818145,1B,51.0589
Affx-88818151,1B,51.0589
Affx-88817486,1B,51.3196
Affx-88818231,1B,52.0984
Affx-88818332,1B,52.0984
Affx-88818396,1B,52.5900
Affx-88904240,1B,53.0816
Affx-88816790,1B,54.0709
Affx-88816644,1B,54.5625
Affx-88902720,1B,55.5368
Affx-88816629,1B,56.3802
Affx-88817409,1B,57.0838
Affx-88816807,1B,57.2236
Affx-88891494,1B,57.5754
Affx-88817522,1B,58.0670
Affx-88891509,1B,58.0670
Affx-88815973,1B,59.6355
Affx-88816153,1B,59.6355
Affx-88816008,1B,59.6355
Affx-88834706,1B,60.1963
Affx-88818075,1B,61.0361
Affx-88815179,1B,61.3251
Affx-88815213,1B,61.7320
Affx-88885971,1B,62.4280
Affx-88886331,1B,62.4538
Affx-88815279,1B,63.5826
Affx-88886332,1B,64.1434
Affx-88815622,1B,64.7043
Affx-88815837,1B,65.2651
Affx-88885995,1B,65.2651
Affx-88815791,1B,65.2651
Affx-88819230,1B,67.8353
Affx-88815385,1B,67.8353
Affx-88903898,1B,68.4583
Affx-88819168,1B,69.0814
Affx-88815467,1B,69.0814
Affx-88845989,1B,69.7045
Affx-88809834,1B,70.3276
Affx-88814815,1B,70.3276
Affx-88815131,1B,70.3276
Affx-88815110,1B,70.3276
Affx-88903226,1B,70.3276
Affx-88840406,1B,70.9487
Affx-88815544,1B,70.9487
Affx-88856328,1B,71.5698
Affx-88809696,1C,0.0000
Affx-88809508,1C,0.6211
Affx-88809451,1C,1.2423
Affx-88809377,1C,1.8634
Affx-88809197,1C,2.4689
Affx-88809368,1C,2.4845
Affx-88809318,1C,3.1056
Affx-88810522,1C,3.7189
Affx-88810832,1C,3.7268
Affx-88810740,1C,4.3479
Affx-88810717,1C,4.9690
Affx-88810558,1C,6.0811
Affx-88810345,1C,6.6337
Affx-88810371,1C,7.1232
Affx-88810189,1C,7.1863
Affx-88809994,1C,8.2985
Affx-88810347,1C,8.5502
Affx-88810007,1C,9.9773
Affx-88809874,1C,9.9773
Affx-88809854,1C,10.4431
Affx-88869549,1C,10.9090
Affx-88812162,1C,10.9090
Affx-88812030,1C,11.7505
Affx-88869690,1C,12.5920
Affx-88812414,1C,13.4336
Affx-88812256,1C,13.4336
Affx-88811850,1C,13.4336
Affx-88812766,1C,14.6389
Affx-88812841,1C,15.8443
Affx-88813407,1C,17.0496
Affx-88813607,1C,18.2550
Affx-88813854,1C,19.4603
Affx-88813898,1C,20.6657
Affx-88813992,1C,21.8710
Affx-88814332,1C,24.2969
Affx-88814481,1C,25.5023
Affx-88821400,1C,27.9281
Affx-88889721,1C,30.3540
Affx-88889488,1C,32.7799
Affx-88889367,1C,33.9852
Affx-88889302,1C,33.9852
Affx-88889314,1C,33.9852
Affx-88889224,1C,34.4511
Affx-88889241,1C,34.9169
Affx-88889106,1C,34.9169
Affx-88885840,1C,35.3828
Affx-88816844,1C,35.8486
Affx-88889145,1C,35.8486
Affx-88889051,1C,36.3651
Affx-88816913,1C,37.4047
Affx-88816841,1C,37.4161
Affx-88817123,1C,38.1950
Affx-88817088,1C,38.9739
Affx-88817233,1C,40.0165
Affx-88817072,1C,40.5345
Affx-88865831,1C,40.5345
Affx-88817461,1C,40.5345
Affx-88818131,1C,42.7793
Affx-88818333,1C,45.0240
Affx-88818514,1C,46.1394
Affx-88816616,1C,47.2548
Affx-88817422,1C,50.6433
Affx-88817656,1C,51.7587
Affx-88891515,1C,52.8741
Affx-88815991,1C,55.1188
Affx-88816065,1C,56.2342
Affx-88815241,1C,60.7813
Affx-88815612,1C,63.0260
Affx-88815008,1C,65.2708
Affx-88815476,1C,67.5156
Affx-88815527,1C,68.6309
Affx-88814686,1C,68.6309
Affx-88814962,1C,69.8810
Affx-88814700,1C,69.8810
Affx-88814704,1C,70.5021
Affx-88815648,1C,71.1311
Affx-88815036,1C,71.7522
Affx-88814780,1C,71.7522
Affx-88814807,1C,72.3733
Affx-88814860,1C,72.9944
Affx-88873385,1C,73.6392
Affx-88819291,1C,75.5262
Affx-88819275,1C,76.1474
Affx-88809251,1D,0.0000
Affx-88810947,1D,0.6211
Affx-88810822,1D,1.2423
Affx-88810696,1D,3.1293
Affx-88810559,1D,3.7504
Affx-88809300,1D,3.7586
Affx-88810722,1D,4.3797
Affx-88810316,1D,5.0005
Affx-88810147,1D,5.0009
Affx-88810186,1D,6.2505
Affx-88810152,1D,6.8717
Affx-88809951,1D,6.8879
Affx-88809971,1D,7.4928
Affx-88810020,1D,7.5090
Affx-88809896,1D,8.7428
Affx-88809851,1D,9.3640
Affx-88812185,1D,9.3960
Affx-88812097,1D,9.9851
Affx-88812116,1D,9.9851
Affx-88812067,1D,10.0172
Affx-88869629,1D,11.2672
Affx-88811455,1D,11.8883
Affx-88811530,1D,12.5173
Affx-88811682,1D,13.1384
Affx-88811569,1D,13.1384
Affx-88811571,1D,13.1384
Affx-88811556,1D,13.1384
Affx-88811608,1D,13.1384
Affx-88811759,1D,14.3925
Affx-88811750,1D,14.3925
Affx-88812265,1D,16.2795
Affx-88811893,1D,16.2795
Affx-88812288,1D,16.9006
Affx-88812354,1D,16.9006
Affx-88812564,1D,19.4708
Affx-88812539,1D,19.4708
Affx-88812532,1D,19.4708
Affx-88812554,1D,19.4708
Affx-88812593,1D,20.0919
Affx-88812663,1D,20.0919
Affx-88812661,1D,20.4025
Affx-88812696,1D,20.4025
Affx-88812678,1D,20.4025
Affx-88812884,1D,20.9112
Affx-88813037,1D,21.4199
Affx-88813177,1D,21.9287
Affx-88813225,1D,22.4374
Affx-88813293,1D,23.9830
Affx-88813547,1D,24.4917
Affx-88813422,1D,24.4917
Affx-88813532,1D,24.4917
Affx-88813667,1D,26.5154
Affx-88813759,1D,27.0119
Affx-88813800,1D,27.0119
Affx-88813828,1D,27.5960
Affx-88813983,1D,28.1801
Affx-88814009,1D,28.7643
Affx-88814360,1D,29.7152
Affx-88814217,1D,31.1457
Affx-88814541,1D,31.7298
Affx-88814468,1D,31.7298
Affx-88902554,1D,31.7298
Affx-88889700,1D,32.6136
Affx-88889176,1D,33.4973
Affx-88818306,1D,53.6712
Affx-88816622,1D,56.3560
Affx-88816738,1D,57.2398
Affx-88816575,1D,59.0184
Affx-88817392,1D,59.9022
Affx-88817713,1D,59.9022
Affx-88817725,1D,59.9022
Affx-88817613,1D,61.1542
Affx-88818070,1D,61.7862
Affx-88815258,1D,62.4063
Affx-88815958,1D,64.6409
Affx-88815199,1D,64.6409
Affx-88816006,1D,64.6409
Affx-88815975,1D,64.9515
Affx-88815854,1D,65.2620
Affx-88885996,1D,65.2620
Affx-88885982,1D,65.5726
Affx-88819247,1D,66.5082
Affx-88815752,1D,66.5082
Affx-88815688,1D,66.8187
Affx-88814774,1D,67.1293
Affx-88840403,1D,67.1293
Affx-88816165,1D,68.3794
Affx-88822685,2A,0.0000
Affx-88822751,2A,1.4170
Affx-88822748,2A,2.0382
Affx-88822640,2A,2.6593
Affx-88822517,2A,4.5463
Affx-88820643,2A,5.1674
Affx-88822898,2A,5.1995
Affx-88902785,2A,6.4496
Affx-88891194,2A,7.6996
Affx-88891125,2A,8.9537
Affx-88841129,2A,9.5748
Affx-88841213,2A,9.5748
Affx-88841320,2A,10.1998
Affx-88841242,2A,10.1998
Affx-88841245,2A,10.5104
Affx-88841239,2A,10.5104
Affx-88841357,2A,10.9763
Affx-88841412,2A,11.4421
Affx-88821296,2A,12.0671
Affx-88821313,2A,12.6922
Affx-88821358,2A,13.3152
Affx-88821258,2A,13.9383
Affx-88821252,2A,14.5634
Affx-88821244,2A,14.5634
Affx-88821217,2A,14.8739
Affx-88821198,2A,15.8095
Affx-88821155,2A,16.1201
Affx-88820623,2A,16.4306
Affx-88820649,2A,16.7412
Affx-88860629,2A,17.0518
Affx-88823092,2A,20.8822
Affx-88822208,2A,28.5913
Affx-88822428,2A,32.0628
Affx-88822498,2A,33.7876
Affx-88811839,2A,35.5125
Affx-88819428,2A,37.2374
Affx-88903349,2A,37.2374
Affx-88820087,2A,39.0979
Affx-88821607,2A,39.7103
Affx-88821909,2A,40.9429
Affx-88820876,2A,42.1754
Affx-88820938,2A,42.1754
Affx-88820931,2A,42.1754
Affx-88823310,2A,43.4079
Affx-88823443,2A,44.6404
Affx-88823449,2A,44.6404
Affx-88823527,2A,45.3095
Affx-88823547,2A,45.9786
Affx-88823964,2A,47.3252
Affx-88824223,2A,48.2311
Affx-88823971,2A,48.6718
Affx-88824077,2A,48.8107
Affx-88824302,2A,49.9771
Affx-88824146,2A,50.0184
Affx-88825375,2A,50.5567
Affx-88824257,2A,50.6875
Affx-88824354,2A,51.7231
Affx-88824280,2A,52.0341
Affx-88825337,2A,52.3027
Affx-88824311,2A,52.7032
Affx-88825297,2A,52.8823
Affx-88825310,2A,53.3723
Affx-88825161,2A,53.4618
Affx-88825170,2A,54.0414
Affx-88824899,2A,54.0414
Affx-88825031,2A,54.0414
Affx-88824790,2A,54.9849
Affx-88824713,2A,55.7652
Affx-88824990,2A,56.5456
Affx-88824947,2A,56.5456
Affx-88824642,2A,57.0632
Affx-88824639,2A,57.3220
Affx-88824648,2A,57.5808
Affx-88824939,2A,58.0984
Affx-88825664,2A,58.0984
Affx-88824568,2A,58.0984
Affx-88824462,2A,58.4089
Affx-88825630,2A,59.3524
Affx-88825601,2A,59.6630
Affx-88825789,2A,59.9736
Affx-88825987,2A,60.2841
Affx-88825483,2A,60.5947
Affx-88825520,2A,60.5947
Affx-88826116,2A,62.7995
Affx-88825754,2A,62.8178
Affx-88825820,2A,63.2513
Affx-88825959,2A,63.6847
Affx-88826166,2A,63.8950
Affx-88825912,2A,64.1181
Affx-88826236,2A,64.9905
Affx-88826196,2A,64.9905
Affx-88826246,2A,64.9905
Affx-88826282,2A,65.3010
Affx-88826276,2A,65.6116
Affx-88826342,2A,66.1663
Affx-88826317,2A,66.7211
Affx-88826462,2A,67.2758
Affx-88826490,2A,67.7551
Affx-88826454,2A,67.8306
Affx-88826588,2A,68.3853
Affx-88826593,2A,68.9400
Affx-88826876,2A,69.4948
Affx-88826682,2A,69.8987
Affx-88826857,2A,70.0495
Affx-88826890,2A,70.6042
Affx-88826896,2A,70.6042
Affx-88827000,2A,71.0680
Affx-88827053,2A,71.5445
Affx-88827188,2A,72.4847
Affx-88827259,2A,73.4249
Affx-88821601,2A,73.9410
Affx-88820486,2A,75.3172
Affx-88879329,2A,75.3498
Affx-88820549,2A,75.8136
Affx-88879482,2A,78.6866
Affx-88879538,2A,79.1503
Affx-88879541,2A,79.1503
Affx-88879535,2A,79.1503
Affx-88879589,2A,79.7714
Affx-88879609,2A,79.7714
Affx-88827904,2A,80.7749
Affx-88827819,2A,81.2734
Affx-88827820,2A,81.7720
Affx-88827624,2A,82.7754
Affx-88827658,2A,83.1289
Affx-88827661,2A,83.2740
Affx-88827574,2A,83.9524
Affx-88827565,2A,84.2774
Affx-88827486,2A,84.7760
Affx-88827488,2A,84.7760
Affx-88827301,2A,85.2976
Affx-88827441,2A,85.8192
Affx-88829764,2A,86.3407
Affx-88829747,2A,86.8623
Affx-88829574,2A,87.3839
Affx-88829657,2A,87.9055
Affx-88829554,2A,87.9055
Affx-88829337,2A,88.9983
Affx-88829469,2A,89.3656
Affx-88829486,2A,90.0911
Affx-88829369,2A,91.5526
Affx-88829148,2A,92.2788
Affx-88828840,2A,93.0050
Affx-88828821,2A,93.7312
Affx-88828685,2A,95.1926
Affx-88828480,2A,95.9188
Affx-88828628,2A,96.6450
Affx-88828342,2A,97.3712
Affx-88828270,2A,98.8327
Affx-88828279,2A,100.2941
Affx-88828288,2A,101.0203
Affx-88828200,2A,101.7465
Affx-88830519,2A,103.2080
Affx-88828004,2A,103.9342
Affx-88830617,2A,103.9342
Affx-88830616,2A,104.3303
Affx-88830578,2A,104.7264
Affx-88830492,2A,105.1226
Affx-88830457,2A,105.5187
Affx-88830482,2A,105.9149
Affx-88830330,2A,106.7121
Affx-88830340,2A,107.1083
Affx-88830222,2A,107.9055
Affx-88830177,2A,108.3017
Affx-88830262,2A,108.3017
Affx-88830102,2A,108.9228
Affx-88830161,2A,108.9228
Affx-88830103,2A,109.5439
Affx-88830249,2A,109.5439
Affx-88830268,2A,110.1650
Affx-88822665,2B,0.0000
Affx-88822781,2B,4.2904
Affx-88811048,2B,5.5405
Affx-88822586,2B,6.1616
Affx-88891185,2B,14.1788
Affx-88891213,2B,14.1788
Affx-88822963,2B,14.7080
Affx-88891202,2B,14.9304
Affx-88841361,2B,15.7731
Affx-88841432,2B,16.3024
Affx-88821304,2B,16.8316
Affx-88821302,2B,17.9946
Affx-88821241,2B,18.4394
Affx-88821163,2B,18.7463
Affx-88821154,2B,18.9687
Affx-88903860,2B,19.4979
Affx-88821070,2B,19.4979
Affx-88823084,2B,19.8085
Affx-88823075,2B,19.8085
Affx-88819539,2B,20.5908
Affx-88822227,2B,21.3731
Affx-88820009,2B,21.3731
Affx-88822240,2B,21.3731
Affx-88822349,2B,21.6837
Affx-88819875,2B,22.3087
Affx-88820043,2B,22.3087
Affx-88821709,2B,22.6193
Affx-88820439,2B,22.6193
Affx-88820104,2B,22.6193
Affx-88821584,2B,23.0836
Affx-88821838,2B,23.5569
Affx-88820736,2B,24.4945
Affx-88820808,2B,24.4945
Affx-88821886,2B,24.4945
Affx-88820764,2B,25.1195
Affx-88820915,2B,26.0551
Affx-88820858,2B,26.0551
Affx-88823349,2B,27.5131
Affx-88823270,2B,27.7066
Affx-88823464,2B,29.9228
Affx-88823506,2B,30.4664
Affx-88823614,2B,30.4664
Affx-88823509,2B,30.4664
Affx-88823593,2B,31.8294
Affx-88823598,2B,31.8294
Affx-88823920,2B,32.2781
Affx-88823806,2B,32.4970
Affx-88823941,2B,33.1811
Affx-88823809,2B,33.5059
Affx-88823980,2B,33.6297
Affx-88823947,2B,35.5366
Affx-88824108,2B,36.5455
Affx-88824251,2B,38.5761
Affx-88825194,2B,39.5851
Affx-88825150,2B,40.5941
Affx-88825114,2B,42.6247
Affx-88824731,2B,43.6336
Affx-88824428,2B,46.6989
Affx-88825731,2B,47.7079
Affx-88825966,2B,48.7168
Affx-88826056,2B,49.7258
Affx-88826209,2B,49.7258
Affx-88826041,2B,54.0650
Affx-88826235,2B,55.8941
Affx-88826244,2B,56.3428
Affx-88827226,2B,58.1719
Affx-88827077,2B,58.4824
Affx-88826963,2B,58.7930
Affx-88826833,2B,59.1036
Affx-88902813,2B,59.1036
Affx-88826727,2B,59.4141
Affx-88826692,2B,59.4141
Affx-88826681,2B,59.7247
Affx-88826595,2B,59.7247
Affx-88826574,2B,60.0352
Affx-88826499,2B,60.6564
Affx-88904182,2B,60.6564
Affx-88826330,2B,61.4957
Affx-88820522,2B,63.1849
Affx-88879490,2B,63.8060
Affx-88879447,2B,64.1166
Affx-88879263,2B,64.1166
Affx-88879427,2B,64.7416
Affx-88827951,2B,64.7416
Affx-88827861,2B,65.2074
Affx-88827577,2B,65.6733
Affx-88827939,2B,65.6733
Affx-88827413,2B,66.2944
Affx-88827543,2B,66.2944
Affx-88903912,2B,66.9155
Affx-88827530,2B,66.9155
Affx-88829591,2B,67.5367
Affx-88827403,2B,67.5367
Affx-88829353,2B,68.1578
Affx-88827293,2B,68.1578
Affx-88829355,2B,69.4078
Affx-88829237,2B,71.9400
Affx-88828851,2B,72.5612
Affx-88828541,2B,74.4482
Affx-88828382,2B,75.0693
Affx-88828359,2B,76.3194
Affx-88828166,2B,79.5052
Affx-88827999,2B,80.1263
Affx-88830366,2B,80.7474
Affx-88828299,2B,82.3365
Affx-88828239,2B,82.9577
Affx-88828037,2B,85.4899
Affx-88827995,2B,86.1110
Affx-88830770,2B,86.7321
Affx-88822831,2C,0.0000
Affx-88822592,2C,0.6211
Affx-88891199,2C,6.5103
Affx-88891144,2C,7.0279
Affx-88891205,2C,7.2867
Affx-88841275,2C,7.5455
Affx-88821338,2C,8.0631
Affx-88822962,2C,8.0631
Affx-88841248,2C,8.0631
Affx-88841340,2C,8.6881
Affx-88841408,2C,9.6257
Affx-88820624,2C,10.5632
Affx-88821299,2C,10.5632
Affx-88821366,2C,11.0291
Affx-88821187,2C,11.4949
Affx-88821415,2C,11.4949
Affx-88821267,2C,11.4949
Affx-88821203,2C,12.1160
Affx-88820602,2C,12.1160
Affx-88820630,2C,13.8844
Affx-88880107,2C,15.6529
Affx-88821051,2C,17.4213
Affx-88903714,2C,17.4213
Affx-88822108,2C,18.0463
Affx-88822341,2C,18.0463
Affx-88819396,2C,19.3004
Affx-88819495,2C,19.6109
Affx-88819414,2C,19.6109
Affx-88819728,2C,19.9215
Affx-88819975,2C,20.2321
Affx-88820251,2C,20.8571
Affx-88820286,2C,21.1677
Affx-88820388,2C,22.1032
Affx-88821580,2C,23.0468
Affx-88820702,2C,25.9057
Affx-88822001,2C,26.2163
Affx-88820811,2C,27.1598
Affx-88820909,2C,28.0954
Affx-88903848,2C,28.7165
Affx-88823251,2C,28.7165
Affx-88823216,2C,28.7165
Affx-88823236,2C,28.7165
Affx-88823549,2C,29.3427
Affx-88823904,2C,31.2452
Affx-88823843,2C,31.8714
Affx-88823807,2C,32.4976
Affx-88824234,2C,33.1238
Affx-88825074,2C,33.1994
Affx-88824925,2C,33.8155
Affx-88824328,2C,34.3841
Affx-88825248,2C,35.0103
Affx-88824842,2C,35.6873
Affx-88824783,2C,36.3034
Affx-88825059,2C,36.9128
Affx-88824944,2C,37.5390
Affx-88824900,2C,38.1652
Affx-88824727,2C,38.1753
Affx-88824674,2C,38.7914
Affx-88824729,2C,38.7914
Affx-88847239,2C,38.7914
Affx-88824617,2C,39.2572
Affx-88824664,2C,39.7231
Affx-88824610,2C,39.7231
Affx-88824576,2C,40.3481
Affx-88824541,2C,40.3481
Affx-88824577,2C,40.3481
Affx-88824497,2C,40.9159
Affx-88824429,2C,41.0337
Affx-88824455,2C,41.4836
Affx-88825560,2C,41.7193
Affx-88825511,2C,42.0513
Affx-88825516,2C,42.4049
Affx-88825487,2C,42.4049
Affx-88825458,2C,43.0905
Affx-88825415,2C,43.7761
Affx-88825418,2C,43.7761
Affx-88904120,2C,43.7761
Affx-88825725,2C,44.3327
Affx-88825701,2C,44.8893
Affx-88825771,2C,46.0094
Affx-88903410,2C,46.5660
Affx-88825906,2C,47.6862
Affx-88825922,2C,48.2427
Affx-88825996,2C,49.3629
Affx-88826068,2C,49.9195
Affx-88826433,2C,52.0312
Affx-88826450,2C,52.7339
Affx-88826183,2C,52.7742
Affx-88826307,2C,53.3307
Affx-88826453,2C,54.4509
Affx-88826982,2C,54.8684
Affx-88826494,2C,55.5710
Affx-88826850,2C,55.5710
Affx-88826495,2C,55.5710
Affx-88826881,2C,55.8816
Affx-88826736,2C,55.8816
Affx-88826600,2C,56.1922
Affx-88826919,2C,56.6767
Affx-88820527,2C,60.6287
Affx-88820478,2C,62.3695
Affx-88827806,2C,62.3695
Affx-88879366,2C,62.3695
Affx-88820467,2C,62.6801
Affx-88827457,2C,64.2567
Affx-88827729,2C,64.2567
Affx-88903884,2C,64.5673
Affx-88879582,2C,64.5673
Affx-88827672,2C,65.1923
Affx-88827357,2C,65.5029
Affx-88827438,2C,65.5029
Affx-88829831,2C,66.1240
Affx-88829846,2C,66.1240
Affx-88829467,2C,66.7451
Affx-88829770,2C,66.7451
Affx-88829357,2C,67.3663
Affx-88829510,2C,67.3663
Affx-88829190,2C,67.9874
Affx-88829465,2C,68.6163
Affx-88829141,2C,69.2375
Affx-88829007,2C,69.8586
Affx-88829274,2C,69.8664
Affx-88828866,2C,70.4797
Affx-88828681,2C,71.1008
Affx-88830690,2C,71.7220
Affx-88828170,2C,72.3431
Affx-88828378,2C,72.9642
Affx-88828404,2C,73.5853
Affx-88829907,2C,74.2065
Affx-88826698,2D,0.0000
Affx-88826303,2D,3.1858
Affx-88826189,2D,3.8069
Affx-88849924,2D,4.4280
Affx-88826695,2D,5.4685
Affx-88826135,2D,5.6781
Affx-88826111,2D,6.9282
Affx-88826438,2D,8.6543
Affx-88826291,2D,9.9043
Affx-88826099,2D,11.7913
Affx-88825723,2D,13.6784
Affx-88825769,2D,14.2259
Affx-88825469,2D,14.2995
Affx-88824500,2D,16.8317
Affx-88824544,2D,17.4528
Affx-88824815,2D,18.0739
Affx-88825110,2D,18.0739
Affx-88824853,2D,18.0739
Affx-88824694,2D,18.0739
Affx-88825144,2D,18.6990
Affx-88824376,2D,19.3241
Affx-88824341,2D,19.9491
Affx-88824187,2D,19.9491
Affx-88903457,2D,19.9491
Affx-88823984,2D,20.3628
Affx-88824104,2D,21.1953
Affx-88823891,2D,21.1953
Affx-88823705,2D,23.4249
Affx-88823374,2D,25.6546
Affx-88823224,2D,27.8843
Affx-88820952,2D,28.9921
Affx-88820833,2D,31.2218
Affx-88820787,2D,32.3296
Affx-88822440,2D,39.1932
Affx-88822193,2D,40.3010
Affx-88823026,2D,41.4089
Affx-88821113,2D,42.5167
Affx-88823050,2D,43.1931
Affx-88821476,2D,43.6246
Affx-88860589,2D,43.6246
Affx-88822937,2D,44.1562
Affx-88841317,2D,44.3716
Affx-88820617,2D,45.1186
Affx-88891112,2D,46.6220
Affx-88822596,2D,48.0236
Affx-88854561,2D,48.8915
Affx-88822846,2D,49.6385
Affx-88822842,2D,49.6385
Affx-88822857,2D,49.6385
Affx-88850562,2D,50.2404
Affx-88827209,2D,50.8422
Affx-88857205,2D,53.2958
Affx-88820536,2D,54.5071
Affx-88820453,2D,55.7184
Affx-88829852,2D,67.1311
Affx-88829823,2D,67.7330
Affx-88829609,2D,68.9443
Affx-88829575,2D,70.7727
Affx-88829503,2D,71.9840
Affx-88829223,2D,72.5858
Affx-88828772,2D,75.0394
Affx-88828550,2D,75.6015
Affx-88828528,2D,75.6413
Affx-88828519,2D,76.2431
Affx-88828481,2D,76.2431
Affx-88828474,2D,76.2431
Affx-88828415,2D,77.1787
Affx-88828396,2D,77.1787
Affx-88828392,2D,77.7999
Affx-88828313,2D,80.9857
Affx-88828185,2D,80.9857
Affx-88830692,2D,81.0268
Affx-88830702,2D,81.0268
Affx-88830433,2D,81.6479
Affx-88829943,2D,82.2690
Affx-88832502,3A,0.0000
Affx-88832394,3A,0.6211
Affx-88832390,3A,0.6211
Affx-88832438,3A,0.6211
Affx-88832637,3A,1.1379
Affx-88832192,3A,1.3995
Affx-88831742,3A,2.1778
Affx-88831881,3A,2.1778
Affx-88831980,3A,2.1778
Affx-88833558,3A,3.0073
Affx-88831651,3A,3.1770
Affx-88831551,3A,3.6734
Affx-88833561,3A,3.8368
Affx-88858317,3A,4.1698
Affx-88833717,3A,4.6663
Affx-88833750,3A,4.6663
Affx-88833462,3A,5.2874
Affx-88833425,3A,5.9163
Affx-88833422,3A,6.5374
Affx-88833357,3A,6.5374
Affx-88833319,3A,7.1586
Affx-88833260,3A,7.1586
Affx-88833216,3A,7.7797
Affx-88833069,3A,7.7797
Affx-88833204,3A,7.7797
Affx-88833169,3A,8.0903
Affx-88832898,3A,9.0338
Affx-88832881,3A,9.0338
Affx-88833047,3A,9.3443
Affx-88832970,3A,9.3443
Affx-88832659,3A,10.9210
Affx-88832720,3A,10.9210
Affx-88834204,3A,10.9210
Affx-88834219,3A,10.9210
Affx-88834118,3A,11.5421
Affx-88834029,3A,11.5421
Affx-88834064,3A,11.5421
Affx-88834770,3A,12.0007
Affx-88834269,3A,12.5045
Affx-88834656,3A,13.4668
Affx-88834497,3A,15.4036
Affx-88834318,3A,16.3660
Affx-88834340,3A,17.3283
Affx-88834299,3A,19.2652
Affx-88834913,3A,21.2020
Affx-88836565,3A,22.1643
Affx-88836405,3A,23.1267
Affx-88836193,3A,23.6985
Affx-88836074,3A,26.0504
Affx-88836002,3A,27.3044
Affx-88836014,3A,27.3044
Affx-88835911,3A,27.3044
Affx-88835709,3A,27.9255
Affx-88835777,3A,27.9255
Affx-88835647,3A,28.8611
Affx-88903699,3A,28.8611
Affx-88835565,3A,29.7967
Affx-88835562,3A,29.7967
Affx-88835560,3A,29.7967
Affx-88835432,3A,31.3653
Affx-88835430,3A,31.3653
Affx-88835394,3A,33.2687
Affx-88891361,3A,33.2687
Affx-88891308,3A,33.8938
Affx-88891445,3A,34.5189
Affx-88891398,3A,35.1439
Affx-88842970,3A,35.1439
Affx-88843027,3A,35.8927
Affx-88843111,3A,37.0230
Affx-88843292,3A,37.0230
Affx-88843185,3A,37.0230
Affx-88843279,3A,37.3952
Affx-88902698,3A,38.5260
Affx-88903539,3A,38.8982
Affx-88843424,3A,38.8982
Affx-88866338,3A,40.4749
Affx-88866237,3A,40.4749
Affx-88866351,3A,40.4749
Affx-88842754,3A,41.0960
Affx-88866428,3A,41.0960
Affx-88842837,3A,41.4066
Affx-88836733,3A,41.7171
Affx-88842447,3A,41.7171
Affx-88842219,3A,42.0277
Affx-88842369,3A,42.0277
Affx-88842298,3A,42.3383
Affx-88842331,3A,42.8982
Affx-88848893,3A,45.1810
Affx-88848923,3A,45.1810
Affx-88848935,3A,45.1810
Affx-88848856,3A,45.8061
Affx-88848783,3A,46.7417
Affx-88837816,3A,47.9957
Affx-88836882,3A,47.9957
Affx-88836973,3A,48.3063
Affx-88836909,3A,48.3063
Affx-88837844,3A,48.3063
Affx-88837690,3A,48.6168
Affx-88837817,3A,48.6168
Affx-88837703,3A,52.1425
Affx-88838053,3A,55.9950
Affx-88838055,3A,55.9950
Affx-88838165,3A,56.9306
Affx-88838169,3A,56.9306
Affx-88838182,3A,56.9306
Affx-88838720,3A,57.5518
Affx-88838498,3A,57.5518
Affx-88838648,3A,57.5518
Affx-88838754,3A,58.1768
Affx-88838968,3A,58.4874
Affx-88838865,3A,58.4874
Affx-88838904,3A,58.7979
Affx-88838903,3A,58.7979
Affx-88838909,3A,58.7979
Affx-88838971,3A,59.1085
Affx-88838990,3A,59.1085
Affx-88839074,3A,59.5969
Affx-88839098,3A,59.9613
Affx-88839084,3A,60.0853
Affx-88839127,3A,61.0683
Affx-88827085,3A,62.5522
Affx-88839357,3A,63.4878
Affx-88831370,3A,63.7984
Affx-88831242,3A,64.1089
Affx-88831187,3A,64.4195
Affx-88831020,3A,65.3551
Affx-88830969,3A,65.6657
Affx-88830852,3A,66.9197
Affx-88840064,3A,67.2303
Affx-88839971,3A,67.5409
Affx-88846262,3A,68.1620
Affx-88839896,3A,68.4725
Affx-88846347,3A,69.0976
Affx-88846439,3A,69.7226
Affx-88839743,3A,70.0332
Affx-88846451,3A,70.0332
Affx-88839480,3A,71.2993
Affx-88839501,3A,71.9243
Affx-88855191,3A,73.1784
Affx-88843471,3A,73.1784
Affx-88843477,3A,73.1784
Affx-88839858,3A,73.5920
Affx-88839584,3A,74.4245
Affx-88839642,3A,75.0457
Affx-88903095,3A,75.0457
Affx-88840127,3A,75.0457
Affx-88840213,3A,75.5646
Affx-88840272,3A,76.0835
Affx-88843986,3A,76.6024
Affx-88843840,3A,76.6024
Affx-88840307,3A,77.1213
Affx-88840342,3A,77.6402
Affx-88843732,3A,78.1591
Affx-88843777,3A,78.1591
Affx-88843776,3A,78.1591
Affx-88843734,3A,78.1591
Affx-88843676,3A,78.7802
Affx-88843680,3A,78.7802
Affx-88902738,3A,79.4014
Affx-88842106,3A,81.5307
Affx-88841612,3A,82.5887
Affx-88841664,3A,83.6467
Affx-88841860,3A,85.7760
Affx-88841963,3A,86.8340
Affx-88842054,3A,88.9633
Affx-88844713,3A,90.0213
Affx-88840536,3A,90.0213
Affx-88840767,3A,90.3319
Affx-88840670,3A,90.3319
Affx-88840679,3A,90.3319
Affx-88903016,3A,91.2358
Affx-88844880,3A,92.6002
Affx-88844909,3A,93.0494
Affx-88845047,3A,93.3901
Affx-88844973,3A,93.4985
Affx-88845095,3A,93.9476
Affx-88845189,3A,94.3967
Affx-88845187,3A,94.3967
Affx-88845413,3A,95.0198
Affx-88845603,3A,95.6429
Affx-88845539,3A,95.6429
Affx-88845476,3A,95.6429
Affx-88845980,3A,97.5340
Affx-88845997,3A,97.5340
Affx-88846079,3A,98.1552
Affx-88844300,3A,98.1552
Affx-88845991,3A,98.7763
Affx-88844301,3A,98.7763
Affx-88844343,3A,99.3974
Affx-88844312,3A,99.3974
Affx-88845921,3A,100.0185
Affx-88845937,3A,100.0185
Affx-88844385,3A,100.0185
Affx-88845778,3A,100.3291
Affx-88844342,3A,100.6397
Affx-88844477,3A,101.8897
Affx-88832586,3B,0.0000
Affx-88832285,3B,0.6211
Affx-88831720,3B,1.2423
Affx-88831731,3B,3.5571
Affx-88832795,3B,5.8719
Affx-88833045,3B,5.8719
Affx-88833164,3B,7.3869
Affx-88833504,3B,7.7585
Affx-88831695,3B,8.1301
Affx-88832016,3B,8.5017
Affx-88831680,3B,9.2496
Affx-88833477,3B,9.6770
Affx-88833455,3B,11.5676
Affx-88834378,3B,17.3114
Affx-88834969,3B,21.1164
Affx-88834927,3B,21.1164
Affx-88835094,3B,23.0070
Affx-88836487,3B,24.8976
Affx-88836313,3B,26.7882
Affx-88836111,3B,28.6789
Affx-88835943,3B,30.5695
Affx-88835498,3B,42.2824
Affx-88891369,3B,48.0262
Affx-88843025,3B,49.9168
Affx-88843197,3B,51.8074
Affx-88866250,3B,53.6980
Affx-88842905,3B,55.5887
Affx-88842835,3B,57.4793
Affx-88842592,3B,59.3699
Affx-88842261,3B,63.1749
Affx-88837038,3B,68.9187
Affx-88837818,3B,70.8093
Affx-88837989,3B,74.6144
Affx-88838043,3B,80.3582
Affx-88838044,3B,82.2488
Affx-88838226,3B,84.1394
Affx-88838332,3B,86.0300
Affx-88838537,3B,91.7738
Affx-88838812,3B,97.5176
Affx-88838887,3B,101.3226
Affx-88839099,3B,105.1276
Affx-88839457,3B,123.0534
Affx-88831434,3B,124.9440
Affx-88831435,3B,124.9440
Affx-88902781,3B,124.9440
Affx-88831158,3B,130.6878
Affx-88830993,3B,132.5784
Affx-88830861,3B,136.3834
Affx-88840088,3B,146.0805
Affx-88840035,3B,149.8855
Affx-88846306,3B,155.6293
Affx-88846399,3B,157.5199
Affx-88846438,3B,159.4106
Affx-88839738,3B,161.3012
Affx-88836827,3B,167.0450
Affx-88839551,3B,168.9356
Affx-88855096,3B,170.8262
Affx-88839578,3B,172.7168
Affx-88880421,3B,178.4606
Affx-88840331,3B,180.3513
Affx-88843958,3B,184.1563
Affx-88843835,3B,186.0469
Affx-88843612,3B,187.9375
Affx-88842103,3B,189.8281
Affx-88841749,3B,193.6331
Affx-88903227,3B,193.6331
Affx-88841658,3B,195.1522
Affx-88841040,3B,195.5238
Affx-88841852,3B,195.5238
Affx-88841048,3B,195.5238
Affx-88840784,3B,196.0405
Affx-88840853,3B,196.3021
Affx-88840794,3B,197.0805
Affx-88840687,3B,197.0805
Affx-88844587,3B,198.3305
Affx-88844624,3B,198.3305
Affx-88844642,3B,198.9517
Affx-88844641,3B,198.9517
Affx-88844810,3B,199.5728
Affx-88844801,3B,199.8834
Affx-88844933,3B,200.1939
Affx-88845177,3B,201.1295
Affx-88845369,3B,201.4401
Affx-88844230,3B,202.0651
Affx-88844256,3B,202.3757
Affx-88845935,3B,203.6297
Affx-88832542,3C,0.0000
Affx-88832176,3C,0.6211
Affx-88831996,3C,1.2423
Affx-88831757,3C,2.4923
Affx-88858311,3C,4.7088
Affx-88831732,3C,4.8462
Affx-88833379,3C,9.5835
Affx-88833097,3C,11.9374
Affx-88832769,3C,15.3387
Affx-88834092,3C,18.7308
Affx-88832706,3C,19.0886
Affx-88834046,3C,19.0886
Affx-88834472,3C,20.2207
Affx-88834642,3C,20.7832
Affx-88834576,3C,21.9153
Affx-88834624,3C,21.9153
Affx-88834745,3C,22.8588
Affx-88834621,3C,23.7944
Affx-88834547,3C,25.0470
Affx-88834918,3C,25.0490
Affx-88835318,3C,26.7325
Affx-88835134,3C,27.5636
Affx-88836685,3C,27.5679
Affx-88836413,3C,27.9765
Affx-88836474,3C,28.3895
Affx-88836618,3C,28.8204
Affx-88836108,3C,30.0730
Affx-88836245,3C,30.0730
Affx-88836176,3C,30.0730
Affx-88835883,3C,30.4746
Affx-88835832,3C,30.8762
Affx-88835551,3C,31.2778
Affx-88836089,3C,32.8300
Affx-88836039,3C,32.8300
Affx-88836142,3C,32.8300
Affx-88835567,3C,34.1999
Affx-88835826,3C,35.0993
Affx-88835687,3C,35.9988
Affx-88835401,3C,36.8983
Affx-88891452,3C,37.7978
Affx-88891400,3C,38.6973
Affx-88843008,3C,38.6973
Affx-88843110,3C,38.6973
Affx-88835422,3C,39.3171
Affx-88843250,3C,39.3197
Affx-88866360,3C,39.9421
Affx-88843338,3C,40.5645
Affx-88843444,3C,40.5645
Affx-88836761,3C,40.5645
Affx-88866362,3C,40.5645
Affx-88842928,3C,41.8850
Affx-88842748,3C,42.3196
Affx-88842763,3C,42.7542
Affx-88842603,3C,42.7542
Affx-88842398,3C,43.2987
Affx-88842497,3C,43.4771
Affx-88842339,3C,43.8431
Affx-88862894,3C,44.3876
Affx-88848925,3C,44.9321
Affx-88848820,3C,44.9321
Affx-88848930,3C,44.9321
Affx-88848843,3C,45.8716
Affx-88836840,3C,46.8111
Affx-88837735,3C,48.7143
Affx-88837777,3C,48.7143
Affx-88837974,3C,48.7143
Affx-88838297,3C,49.6499
Affx-88838248,3C,49.6499
Affx-88838190,3C,50.2710
Affx-88838559,3C,50.2710
Affx-88838387,3C,50.2710
Affx-88838553,3C,51.2242
Affx-88838882,3C,53.1425
Affx-88839124,3C,54.6387
Affx-88839018,3C,56.0382
Affx-88839126,3C,56.3488
Affx-88839012,3C,56.3488
Affx-88838977,3C,56.3488
Affx-88838965,3C,56.3488
Affx-88831402,3C,57.6029
Affx-88855154,3C,65.8757
Affx-88839818,3C,66.1104
Affx-88839602,3C,67.4453
Affx-88839685,3C,67.6782
Affx-88839634,3C,69.0150
Affx-88843754,3C,70.8754
Affx-88839684,3C,71.3844
Affx-88840337,3C,72.1643
Affx-88843831,3C,72.4432
Affx-88844061,3C,72.9442
Affx-88843686,3C,72.9592
Affx-88872357,3C,73.9978
Affx-88843559,3C,74.5139
Affx-88843627,3C,74.5139
Affx-88842115,3C,75.3191
Affx-88842109,3C,76.1244
Affx-88842167,3C,77.3399
Affx-88841453,3C,78.5555
Affx-88841592,3C,79.7710
Affx-88841675,3C,80.1711
Affx-88841825,3C,80.1711
Affx-88841813,3C,80.7942
Affx-88841893,3C,81.4173
Affx-88842067,3C,81.4173
Affx-88841947,3C,81.4173
Affx-88840890,3C,82.1432
Affx-88842020,3C,82.5096
Affx-88840865,3C,82.8692
Affx-88840871,3C,83.0524
Affx-88840611,3C,83.5951
Affx-88840720,3C,83.5951
Affx-88840797,3C,83.5951
Affx-88840595,3C,84.7723
Affx-88840587,3C,85.1598
Affx-88840513,3C,85.1598
Affx-88840523,3C,85.1598
Affx-88840515,3C,85.1598
Affx-88844596,3C,86.2024
Affx-88844534,3C,86.7204
Affx-88840508,3C,86.7204
Affx-88844637,3C,86.7204
Affx-88844736,3C,87.0310
Affx-88844742,3C,87.0310
Affx-88844949,3C,87.6521
Affx-88844798,3C,87.6521
Affx-88844811,3C,88.2732
Affx-88844917,3C,88.2732
Affx-88845025,3C,89.5273
Affx-88845098,3C,89.5273
Affx-88845316,3C,90.4708
Affx-88845527,3C,91.0958
Affx-88846049,3C,91.7209
Affx-88844396,3C,91.7209
Affx-88846010,3C,91.7209
Affx-88846136,3C,92.3459
Affx-88832289,3D,0.0000
Affx-88832365,3D,1.2501
Affx-88832334,3D,1.2501
Affx-88832215,3D,1.2501
Affx-88832287,3D,1.5606
Affx-88832620,3D,1.5606
Affx-88832165,3D,2.3931
Affx-88831895,3D,2.8068
Affx-88831897,3D,2.8068
Affx-88894281,3D,3.7424
Affx-88903195,3D,3.7424
Affx-88904175,3D,3.7424
Affx-88833384,3D,5.3190
Affx-88833420,3D,5.3190
Affx-88833648,3D,5.3190
Affx-88833299,3D,6.0476
Affx-88833139,3D,6.7762
Affx-88833042,3D,6.9635
Affx-88833058,3D,6.9635
Affx-88832960,3D,7.5048
Affx-88833048,3D,7.5048
Affx-88832836,3D,8.1259
Affx-88834102,3D,8.1259
Affx-88832742,3D,8.1259
Affx-88834455,3D,9.3800
Affx-88834617,3D,9.3800
Affx-88834542,3D,10.1055
Affx-88834281,3D,10.4728
Affx-88834832,3D,10.4728
Affx-88834895,3D,11.5657
Affx-88835041,3D,11.5657
Affx-88835025,3D,11.5657
Affx-88835286,3D,12.8197
Affx-88836399,3D,12.8197
Affx-88835273,3D,12.8197
Affx-88836686,3D,13.7632
Affx-88835127,3D,14.3883
Affx-88836637,3D,14.3883
Affx-88836459,3D,15.0094
Affx-88836325,3D,15.0094
Affx-88836128,3D,16.1866
Affx-88835992,3D,16.5740
Affx-88836323,3D,16.5740
Affx-88836306,3D,16.5740
Affx-88835981,3D,16.9615
Affx-88835886,3D,18.1387
Affx-88835850,3D,19.4048
Affx-88835765,3D,19.7153
Affx-88835589,3D,21.9157
Affx-88835463,3D,22.3447
Affx-88891249,3D,23.1329
Affx-88842996,3D,24.0936
Affx-88842994,3D,25.3969
Affx-88842973,3D,25.3969
Affx-88830941,3D,26.3325
Affx-88843129,3D,26.3325
Affx-88843278,3D,26.9575
Affx-88843291,3D,28.2236
Affx-88843414,3D,28.2236
Affx-88836782,3D,28.6116
Affx-88836759,3D,28.9996
Affx-88866274,3D,29.7804
Affx-88836995,3D,29.7804
Affx-88848797,3D,30.4054
Affx-88836862,3D,30.7160
Affx-88842812,3D,30.7160
Affx-88836861,3D,31.0265
Affx-88836863,3D,31.0265
Affx-88848763,3D,31.3651
Affx-88848838,3D,31.7037
Affx-88848891,3D,33.0839
Affx-88848895,3D,33.4225
Affx-88842286,3D,34.1039
Affx-88842410,3D,34.4425
Affx-88842556,3D,34.7810
Affx-88842216,3D,34.7810
Affx-88842436,3D,34.7810
Affx-88837717,3D,35.3801
Affx-88842483,3D,35.4258
Affx-88842568,3D,36.7236
Affx-88838104,3D,37.2003
Affx-88837841,3D,38.0214
Affx-88838167,3D,38.4060
Affx-88837985,3D,38.6662
Affx-88838355,3D,40.2262
Affx-88838379,3D,40.8253
Affx-88838430,3D,41.4244
Affx-88838528,3D,42.6301
Affx-88839129,3D,46.9892
Affx-88839014,3D,46.9892
Affx-88838983,3D,46.9892
Affx-88839066,3D,47.6103
Affx-88839085,3D,47.6103
Affx-88839200,3D,49.8199
Affx-88839198,3D,49.8199
Affx-88830952,3D,50.1304
Affx-88831491,3D,50.1304
Affx-88831422,3D,50.1304
Affx-88831140,3D,50.9226
Affx-88830899,3D,51.3162
Affx-88839949,3D,51.6026
Affx-88846228,3D,52.1083
Affx-88846209,3D,52.1083
Affx-88839891,3D,53.0747
Affx-88846327,3D,54.5468
Affx-88846437,3D,54.5468
Affx-88846455,3D,55.6438
Affx-88897072,3D,57.2999
Affx-88839853,3D,57.4894
Affx-88839541,3D,57.8450
Affx-88874965,3D,58.9421
Affx-88843545,3D,59.2526
Affx-88839604,3D,59.8776
Affx-88839834,3D,60.5027
Affx-88843514,3D,60.5027
Affx-88855148,3D,60.8649
Affx-88840187,3D,61.5939
Affx-88839657,3D,61.9561
Affx-88840228,3D,62.3183
Affx-88839624,3D,62.6805
Affx-88844111,3D,64.2491
Affx-88843869,3D,64.5596
Affx-88844107,3D,64.5596
Affx-88843769,3D,65.4589
Affx-88844056,3D,65.5144
Affx-88843613,3D,67.2687
Affx-88843614,3D,67.2687
Affx-88843707,3D,67.2687
Affx-88841512,3D,70.9348
Affx-88841692,3D,72.7446
Affx-88841773,3D,73.6438
Affx-88840943,3D,74.5431
Affx-88840892,3D,75.4423
Affx-88840777,3D,77.2522
Affx-88840631,3D,78.1514
Affx-88902969,3D,81.7124
Affx-88844600,3D,81.8175
Affx-88844390,3D,82.1868
Affx-88844541,3D,82.7167
Affx-88845062,3D,83.1416
Affx-88844818,3D,83.6160
Affx-88845478,3D,83.6160
Affx-88844829,3D,83.6160
Affx-88845081,3D,84.8660
Affx-88845118,3D,85.4872
Affx-88845818,3D,85.5030
Affx-88845671,3D,86.1083
Affx-88844333,3D,86.7294
Affx-88903591,4A,0.0000
Affx-88846639,4A,0.6211
Affx-88847792,4A,1.8712
Affx-88849451,4A,2.4923
Affx-88849537,4A,3.7424
Affx-88849492,4A,4.3635
Affx-88849625,4A,4.9846
Affx-88884355,4A,6.8717
Affx-88856227,4A,6.8717
Affx-88871131,4A,7.4928
Affx-88871175,4A,8.1139
Affx-88871238,4A,8.7350
Affx-88871343,4A,9.3562
Affx-88871418,4A,9.9773
Affx-88871450,4A,10.5984
Affx-88848716,4A,10.9090
Affx-88848630,4A,11.2195
Affx-88848451,4A,11.2195
Affx-88848313,4A,12.1551
Affx-88849860,4A,13.0907
Affx-88848225,4A,13.4013
Affx-88848138,4A,15.2883
Affx-88853054,4A,17.1794
Affx-88853269,4A,17.8045
Affx-88902940,4A,18.4256
Affx-88852955,4A,18.7362
Affx-88852681,4A,19.6691
Affx-88852633,4A,20.6021
Affx-88839250,4A,24.4055
Affx-88879288,4A,25.3385
Affx-88852046,4A,26.2714
Affx-88852086,4A,27.2044
Affx-88852138,4A,28.1373
Affx-88903905,4A,30.9717
Affx-88852461,4A,31.9046
Affx-88824248,4A,31.9046
Affx-88853910,4A,32.8402
Affx-88854084,4A,33.5805
Affx-88855471,4A,35.8293
Affx-88855372,4A,37.3191
Affx-88855376,4A,37.3191
Affx-88855365,4A,37.9147
Affx-88855303,4A,38.5104
Affx-88855259,4A,40.3200
Affx-88854845,4A,40.9156
Affx-88854801,4A,42.1144
Affx-88854627,4A,42.7100
Affx-88855817,4A,43.3057
Affx-88856406,4A,49.6238
Affx-88856309,4A,51.4311
Affx-88856495,4A,52.3291
Affx-88856572,4A,53.2271
Affx-88856896,4A,54.1251
Affx-88856921,4A,54.1251
Affx-88903616,4A,54.7462
Affx-88856960,4A,54.7462
Affx-88857093,4A,54.7462
Affx-88857658,4A,56.0003
Affx-88857390,4A,56.0003
Affx-88858048,4A,66.5762
Affx-88858192,4A,67.5653
Affx-88858087,4A,67.8816
Affx-88851473,4A,68.7253
Affx-88851418,4A,69.5690
Affx-88851650,4A,69.5690
Affx-88847003,4B,0.0000
Affx-88846788,4B,0.6211
Affx-88847369,4B,1.8712
Affx-88847366,4B,1.8712
Affx-88847521,4B,2.4923
Affx-88848065,4B,3.7424
Affx-88846982,4B,8.9419
Affx-88847040,4B,9.2524
Affx-88846753,4B,9.8736
Affx-88846714,4B,9.8736
Affx-88847272,4B,10.4986
Affx-88847742,4B,12.4226
Affx-88847831,4B,12.7332
Affx-88847737,4B,13.3582
Affx-88849563,4B,14.4885
Affx-88847740,4B,15.2373
Affx-88847165,4B,15.7032
Affx-88847752,4B,16.1690
Affx-88847943,4B,16.1690
Affx-88838819,4B,17.1125
Affx-88856267,4B,17.4231
Affx-88849929,4B,17.7336
Affx-88871161,4B,18.7532
Affx-88871139,4B,19.0888
Affx-88871388,4B,21.8980
Affx-88871441,4B,21.8980
Affx-88848753,4B,22.2086
Affx-88848722,4B,22.5191
Affx-88848362,4B,24.4152
Affx-88848628,4B,25.0393
Affx-88848643,4B,26.2168
Affx-88848599,4B,26.6044
Affx-88848171,4B,28.1845
Affx-88848384,4B,28.1845
Affx-88848345,4B,28.4951
Affx-88849882,4B,29.6423
Affx-88848411,4B,29.8682
Affx-88849862,4B,31.3740
Affx-88848326,4B,31.9411
Affx-88821857,4B,32.5213
Affx-88902570,4B,32.6234
Affx-88821871,4B,33.0913
Affx-88849374,4B,33.3057
Affx-88849376,4B,33.6613
Affx-88850469,4B,34.8085
Affx-88848968,4B,35.3785
Affx-88846573,4B,35.3785
Affx-88850100,4B,36.1879
Affx-88849257,4B,36.9095
Affx-88850162,4B,37.4134
Affx-88853320,4B,37.8168
Affx-88850320,4B,37.9174
Affx-88853192,4B,38.6261
Affx-88853279,4B,38.9316
Affx-88853230,4B,39.4355
Affx-88852901,4B,39.4355
Affx-88853029,4B,39.4355
Affx-88852849,4B,40.2680
Affx-88852755,4B,40.6816
Affx-88852671,4B,40.6816
Affx-88853373,4B,40.6816
Affx-88839285,4B,41.9317
Affx-88850592,4B,41.9317
Affx-88850590,4B,41.9317
Affx-88852148,4B,42.8702
Affx-88852182,4B,43.3366
Affx-88852176,4B,43.3366
Affx-88852078,4B,43.8029
Affx-88852113,4B,43.8029
Affx-88852142,4B,44.2058
Affx-88852153,4B,44.6087
Affx-88852223,4B,45.4195
Affx-88852439,4B,47.9205
Affx-88853457,4B,49.2758
Affx-88853655,4B,50.6311
Affx-88853419,4B,52.0613
Affx-88853682,4B,53.3588
Affx-88853767,4B,56.0865
Affx-88852520,4B,56.7948
Affx-88852408,4B,57.6056
Affx-88852583,4B,58.0085
Affx-88853460,4B,58.4113
Affx-88853939,4B,58.8142
Affx-88853962,4B,58.8142
Affx-88853468,4B,59.7063
Affx-88854052,4B,59.8516
Affx-88824516,4B,61.0530
Affx-88853548,4B,61.4962
Affx-88854060,4B,61.9395
Affx-88854086,4B,61.9395
Affx-88854136,4B,62.8751
Affx-88854210,4B,63.5001
Affx-88854204,4B,63.5001
Affx-88854238,4B,64.3896
Affx-88854317,4B,64.5446
Affx-88854327,4B,64.8316
Affx-88854368,4B,65.5890
Affx-88855672,4B,66.6335
Affx-88855611,4B,66.6335
Affx-88855744,4B,66.9441
Affx-88855606,4B,67.5691
Affx-88855734,4B,67.5691
Affx-88855482,4B,68.8232
Affx-88855419,4B,68.8232
Affx-88855477,4B,68.8232
Affx-88855328,4B,69.7588
Affx-88855258,4B,71.0141
Affx-88855061,4B,71.0141
Affx-88855228,4B,71.0141
Affx-88855045,4B,71.6379
Affx-88854411,4B,71.6379
Affx-88855044,4B,71.6379
Affx-88854823,4B,71.9484
Affx-88854951,4B,71.9484
Affx-88854693,4B,72.2590
Affx-88854732,4B,72.2590
Affx-88854595,4B,73.2025
Affx-88854522,4B,73.5131
Affx-88854492,4B,74.0827
Affx-88854439,4B,74.6524
Affx-88856354,4B,84.7443
Affx-88856444,4B,85.3139
Affx-88856733,4B,86.4605
Affx-88856610,4B,86.9273
Affx-88856759,4B,87.3941
Affx-88856792,4B,87.8609
Affx-88856854,4B,88.3278
Affx-88856839,4B,88.3278
Affx-88856956,4B,89.2634
Affx-88856897,4B,89.8864
Affx-88857005,4B,90.5095
Affx-88856945,4B,91.1345
Affx-88857114,4B,91.1345
Affx-88857270,4B,91.6790
Affx-88857340,4B,92.2235
Affx-88857385,4B,92.5895
Affx-88857347,4B,92.7679
Affx-88857436,4B,93.3124
Affx-88857388,4B,93.6230
Affx-88857633,4B,93.6230
Affx-88858043,4B,102.0051
Affx-88857769,4B,102.0051
Affx-88857969,4B,102.6301
Affx-88857788,4B,103.8013
Affx-88857859,4B,104.3833
Affx-88851791,4B,106.7558
Affx-88851685,4B,106.7558
Affx-88851602,4B,107.3769
Affx-88858053,4B,107.3769
Affx-88851642,4B,107.9981
Affx-88851252,4B,108.6192
Affx-88846819,4C,0.0000
Affx-88847065,4C,0.6211
Affx-88847162,4C,0.6211
Affx-88847198,4C,0.6211
Affx-88847186,4C,0.9317
Affx-88847255,4C,2.5246
Affx-88846858,4C,2.5246
Affx-88847317,4C,2.8351
Affx-88847797,4C,5.0697
Affx-88847912,4C,5.0697
Affx-88847767,4C,5.0697
Affx-88847921,4C,5.8758
Affx-88856280,4C,6.0865
Affx-88871120,4C,6.5918
Affx-88847978,4C,6.6818
Affx-88871262,4C,8.1267
Affx-88849967,4C,8.3040
Affx-88856275,4C,9.1100
Affx-88871345,4C,10.1864
Affx-88871462,4C,10.6916
Affx-88871166,4C,10.7323
Affx-88848535,4C,11.7084
Affx-88848483,4C,12.2136
Affx-88871400,4C,12.3545
Affx-88848569,4C,13.1605
Affx-88848239,4C,13.9665
Affx-88848212,4C,14.7726
Affx-88849380,4C,15.8895
Affx-88848088,4C,16.3948
Affx-88852867,4C,16.3948
Affx-88821874,4C,16.3948
Affx-88821870,4C,17.0198
Affx-88853256,4C,17.9554
Affx-88846590,4C,17.9554
Affx-88852822,4C,18.5765
Affx-88852770,4C,18.5765
Affx-88852031,4C,19.1976
Affx-88852744,4C,19.1976
Affx-88850597,4C,20.4637
Affx-88852211,4C,22.3549
Affx-88852085,4C,22.3549
Affx-88852188,4C,22.3549
Affx-88852322,4C,22.6654
Affx-88852320,4C,22.6654
Affx-88852487,4C,24.2421
Affx-88852465,4C,24.2421
Affx-88852469,4C,24.2421
Affx-88852578,4C,24.8632
Affx-88853661,4C,24.8632
Affx-88853447,4C,24.8632
Affx-88853541,4C,25.8067
Affx-88853537,4C,25.8067
Affx-88853534,4C,25.8067
Affx-88853569,4C,26.7502
Affx-88853564,4C,27.0608
Affx-88853695,4C,27.3714
Affx-88853687,4C,27.3714
Affx-88854056,4C,28.6254
Affx-88854030,4C,28.6254
Affx-88853896,4C,28.6254
Affx-88854189,4C,28.9360
Affx-88855048,4C,31.8206
Affx-88854456,4C,33.7241
Affx-88856555,4C,43.6558
Affx-88903073,4C,44.7146
Affx-88856737,4C,45.7733
Affx-88856797,4C,46.2994
Affx-88856984,4C,47.3582
Affx-88856916,4C,47.3582
Affx-88857119,4C,47.8843
Affx-88857355,4C,48.9430
Affx-88857559,4C,50.0018
Affx-88857564,4C,50.0018
Affx-88857708,4C,50.9454
Affx-88857747,4C,51.8890
Affx-88857748,4C,51.8890
Affx-88826443,4C,59.2563
Affx-88857946,4C,62.8443
Affx-88857926,4C,62.8443
Affx-88857925,4C,62.8443
Affx-88858022,4C,63.4654
Affx-88857980,4C,63.4654
Affx-88858197,4C,64.2477
Affx-88851440,4C,65.0300
Affx-88851906,4C,65.0300
Affx-88851309,4C,65.0300
Affx-88851192,4C,65.6511
Affx-88847415,4D,0.0000
Affx-88847067,4D,0.6289
Affx-88847613,4D,1.2501
Affx-88847342,4D,1.2501
Affx-88847283,4D,1.2501
Affx-88847524,4D,1.5606
Affx-88847530,4D,1.5606
Affx-88847759,4D,2.1310
Affx-88847960,4D,2.7013
Affx-88849463,4D,3.2716
Affx-88849514,4D,3.6321
Affx-88903646,4D,5.0044
Affx-88876515,4D,5.0044
Affx-88849617,4D,6.2544
Affx-88849943,4D,7.1979
Affx-88849961,4D,7.8191
Affx-88871151,4D,8.3700
Affx-88849560,4D,8.5309
Affx-88871358,4D,9.4788
Affx-88871480,4D,10.0298
Affx-88871395,4D,10.5808
Affx-88849201,4D,12.8269
Affx-88849299,4D,13.9357
Affx-88848095,4D,15.0445
Affx-88849430,4D,16.7183
Affx-88848087,4D,17.8272
Affx-88848234,4D,18.3781
Affx-88848213,4D,18.9291
Affx-88848387,4D,20.0379
Affx-88852900,4D,20.2652
Affx-88848473,4D,21.1467
Affx-88849026,4D,21.6977
Affx-88850044,4D,21.6977
Affx-88850116,4D,21.6977
Affx-88853237,4D,22.0083
Affx-88853254,4D,22.6294
Affx-88853201,4D,22.6294
Affx-88853190,4D,23.2505
Affx-88852862,4D,23.2505
Affx-88853064,4D,23.2505
Affx-88852818,4D,23.5611
Affx-88852836,4D,23.5611
Affx-88852740,4D,23.5611
Affx-88853328,4D,24.0778
Affx-88839291,4D,24.3394
Affx-88850556,4D,25.1178
Affx-88850610,4D,25.7428
Affx-88852055,4D,25.7428
Affx-88903550,4D,26.2087
Affx-88850634,4D,26.2087
Affx-88852167,4D,26.6745
Affx-88852169,4D,26.6745
Affx-88852194,4D,26.6745
Affx-88852274,4D,28.2512
Affx-88852246,4D,29.1948
Affx-88852401,4D,30.1384
Affx-88852348,4D,30.1384
Affx-88852365,4D,30.1384
Affx-88852572,4D,31.0740
Affx-88852433,4D,31.0740
Affx-88852547,4D,31.0740
Affx-88853705,4D,31.5403
Affx-88853785,4D,32.0067
Affx-88853882,4D,32.4730
Affx-88854025,4D,32.9452
Affx-88853983,4D,33.4115
Affx-88854128,4D,33.8778
Affx-88854180,4D,34.8164
Affx-88854246,4D,34.8164
Affx-88854298,4D,35.3621
Affx-88854355,4D,35.9078
Affx-88855648,4D,37.0060
Affx-88855720,4D,37.0060
Affx-88855675,4D,37.0060
Affx-88855410,4D,37.3166
Affx-88855392,4D,37.3166
Affx-88855301,4D,37.9412
Affx-88855289,4D,38.5658
Affx-88855023,4D,39.1904
Affx-88854806,4D,39.8150
Affx-88854902,4D,40.4396
Affx-88854740,4D,41.6967
Affx-88854613,4D,42.3213
Affx-88854572,4D,42.9459
Affx-88854533,4D,43.5705
Affx-88855822,4D,44.1951
Affx-88855773,4D,44.8197
Affx-88875933,4D,48.0234
Affx-88856547,4D,50.5697
Affx-88856697,4D,51.1943
Affx-88857321,4D,51.8189
Affx-88857414,4D,52.4435
Affx-88857526,4D,53.7006
Affx-88876184,4D,66.3367
Affx-88857768,4D,75.8777
Affx-88857849,4D,76.5023
Affx-88858109,4D,77.7594
Affx-88851892,4D,79.0393
Affx-88851623,4D,79.6569
Affx-88851412,4D,79.6569
Affx-88851691,4D,79.6569
Affx-88858520,5A,0.0000
Affx-88858674,5A,0.6211
Affx-88858459,5A,1.2423
Affx-88858456,5A,1.2423
Affx-88858532,5A,1.2423
Affx-88859292,5A,1.8673
Affx-88858640,5A,2.1778
Affx-88858944,5A,2.8029
Affx-88858995,5A,4.4206
Affx-88859040,5A,4.4206
Affx-88859136,5A,4.9531
Affx-88859422,5A,5.0668
Affx-88859157,5A,5.4855
Affx-88859616,5A,5.8120
Affx-88859523,5A,6.5572
Affx-88859498,5A,6.5572
Affx-88859631,5A,6.8677
Affx-88859719,5A,8.2996
Affx-88860124,5A,8.5422
Affx-88860231,5A,9.0934
Affx-88859989,5A,11.1999
Affx-88860524,5A,14.8489
Affx-88860503,5A,15.5603
Affx-88861248,5A,16.2075
Affx-88861183,5A,16.7586
Affx-88861304,5A,17.7217
Affx-88861141,5A,18.4331
Affx-88861144,5A,18.4331
Affx-88860992,5A,19.5260
Affx-88861024,5A,19.7512
Affx-88860983,5A,20.1850
Affx-88860756,5A,20.6189
Affx-88860987,5A,20.6189
Affx-88860958,5A,21.3992
Affx-88860763,5A,22.1795
Affx-88861400,5A,22.1795
Affx-88861383,5A,22.1795
Affx-88861462,5A,22.6453
Affx-88861506,5A,23.1112
Affx-88860775,5A,23.1112
Affx-88861511,5A,23.7362
Affx-88861441,5A,24.0468
Affx-88861529,5A,24.5932
Affx-88861603,5A,25.1397
Affx-88861893,5A,25.6861
Affx-88861897,5A,26.2325
Affx-88861869,5A,26.2325
Affx-88861535,5A,26.2325
Affx-88861610,5A,26.2325
Affx-88861704,5A,26.2325
Affx-88862171,5A,27.9323
Affx-88862057,5A,28.3532
Affx-88863410,5A,28.4918
Affx-88862122,5A,29.0512
Affx-88862165,5A,29.0512
Affx-88863381,5A,29.5688
Affx-88863338,5A,30.0863
Affx-88862958,5A,31.4106
Affx-88863216,5A,31.6585
Affx-88863165,5A,32.1760
Affx-88862802,5A,32.1872
Affx-88863052,5A,33.7483
Affx-88862630,5A,33.7502
Affx-88862561,5A,33.7502
Affx-88863001,5A,34.2658
Affx-88862497,5A,34.5268
Affx-88862465,5A,35.3034
Affx-88862797,5A,35.3073
Affx-88862679,5A,35.8249
Affx-88862536,5A,36.8664
Affx-88862498,5A,38.1165
Affx-88862548,5A,38.5818
Affx-88862453,5A,39.9956
Affx-88862262,5A,41.1470
Affx-88864736,5A,41.5260
Affx-88862523,5A,41.7155
Affx-88864455,5A,41.9050
Affx-88864400,5A,42.2840
Affx-88864315,5A,43.4354
Affx-88862231,5A,43.4354
Affx-88864625,5A,43.7460
Affx-88864462,5A,44.0565
Affx-88864286,5A,44.6816
Affx-88864369,5A,44.9921
Affx-88864209,5A,45.8246
Affx-88864255,5A,46.2383
Affx-88904221,5A,46.2383
Affx-88864057,5A,47.8638
Affx-88864046,5A,48.2625
Affx-88864118,5A,49.0650
Affx-88863952,5A,50.7077
Affx-88863771,5A,51.5187
Affx-88864056,5A,51.7912
Affx-88863848,5A,51.9216
Affx-88863879,5A,53.1458
Affx-88864004,5A,53.1458
Affx-88863920,5A,53.7708
Affx-88863909,5A,54.0814
Affx-88863852,5A,55.3315
Affx-88863616,5A,55.9684
Affx-88863802,5A,57.2185
Affx-88863436,5A,58.9030
Affx-88863755,5A,59.7346
Affx-88863673,5A,59.7346
Affx-88863561,5A,60.9847
Affx-88863493,5A,61.6058
Affx-88863541,5A,62.7005
Affx-88863428,5A,64.9037
Affx-88865666,5A,65.9983
Affx-88865576,5A,67.0930
Affx-88843506,5A,68.1877
Affx-88865054,5A,69.2824
Affx-88864836,5A,70.3771
Affx-88867125,5A,70.3771
Affx-88864837,5A,70.3771
Affx-88872279,5A,71.0021
Affx-88872283,5A,71.0021
Affx-88872348,5A,71.6272
Affx-88867090,5A,71.6272
Affx-88867039,5A,72.4588
Affx-88866718,5A,74.1433
Affx-88866994,5A,74.1433
Affx-88866846,5A,74.4539
Affx-88866680,5A,74.9197
Affx-88866819,5A,75.3856
Affx-88866889,5A,76.3212
Affx-88866766,5A,76.3212
Affx-88866678,5A,77.8978
Affx-88865854,5A,77.8978
Affx-88866634,5A,77.8978
Affx-88872402,5A,78.3637
Affx-88866023,5A,78.8295
Affx-88867534,5A,78.8295
Affx-88867535,5A,79.2432
Affx-88867643,5A,80.0757
Affx-88867608,5A,80.8083
Affx-88868757,5A,81.5409
Affx-88868632,5A,82.2735
Affx-88868529,5A,82.2735
Affx-88868500,5A,82.2735
Affx-88868419,5A,82.5840
Affx-88868368,5A,83.2051
Affx-88868674,5A,84.3554
Affx-88868196,5A,84.9330
Affx-88868369,5A,85.8989
Affx-88868338,5A,86.6609
Affx-88868015,5A,86.6609
Affx-88867951,5A,86.6609
Affx-88867910,5A,86.6609
Affx-88867793,5A,86.6609
Affx-88867860,5A,86.6609
Affx-88868924,5A,86.9715
Affx-88867692,5A,86.9715
Affx-88869306,5A,87.3695
Affx-88866466,5A,87.7675
Affx-88866484,5A,87.7675
Affx-88869707,5A,88.1654
Affx-88869744,5A,88.5634
Affx-88869794,5A,88.9614
Affx-88870391,5A,92.7350
Affx-88837881,5A,93.6705
Affx-88837950,5A,94.9246
Affx-88870279,5A,96.4932
Affx-88870273,5A,96.4932
Affx-88870109,5A,98.7028
Affx-88870254,5A,100.2713
Affx-88870050,5A,102.1624
Affx-88870009,5A,105.3525
Affx-88870033,5A,108.8695
Affx-88869949,5A,112.7175
Affx-88869834,5A,114.9271
Affx-88811178,5A,117.4593
Affx-88811333,5A,122.3187
Affx-88871109,5A,126.5023
Affx-88870955,5A,132.7411
Affx-88870920,5A,136.9247
Affx-88870794,5A,141.1083
Affx-88870673,5A,147.0023
Affx-88870718,5A,152.5466
Affx-88870609,5A,159.1401
Affx-88870482,5A,165.0292
Affx-88872131,5A,171.9824
Affx-88871907,5A,178.9254
Affx-88871876,5A,183.7848
Affx-88866100,5A,188.6441
Affx-88866152,5A,193.1633
Affx-88894693,5A,197.0158
Affx-88871513,5A,201.8752
Affx-88871762,5A,207.0793
Affx-88871917,5A,214.0224
Affx-88859120,5B,0.0000
Affx-88859961,5B,11.0031
Affx-88859825,5B,12.8901
Affx-88860087,5B,14.8141
Affx-88860167,5B,15.1247
Affx-88860148,5B,15.4353
Affx-88860084,5B,15.4353
Affx-88860327,5B,17.5372
Affx-88860400,5B,18.5816
Affx-88850940,5B,19.6260
Affx-88850933,5B,20.2510
Affx-88851120,5B,20.2510
Affx-88861176,5B,21.1866
Affx-88861186,5B,21.1866
Affx-88861251,5B,21.1866
Affx-88860953,5B,21.9142
Affx-88860667,5B,23.3786
Affx-88861794,5B,24.1062
Affx-88861931,5B,24.8338
Affx-88862001,5B,25.5615
Affx-88862683,5B,33.2795
Affx-88864328,5B,36.2458
Affx-88864081,5B,47.8041
Affx-88865025,5B,48.2410
Affx-88863980,5B,48.8946
Affx-88863834,5B,49.4364
Affx-88863526,5B,49.9782
Affx-88863423,5B,50.5201
Affx-88863446,5B,50.5201
Affx-88865821,5B,51.0619
Affx-88865629,5B,51.6037
Affx-88865255,5B,52.1456
Affx-88865265,5B,52.1456
Affx-88865267,5B,52.1456
Affx-88865234,5B,52.1456
Affx-88865163,5B,52.6874
Affx-88865057,5B,53.2292
Affx-88864882,5B,53.7710
Affx-88867283,5B,54.3129
Affx-88866908,5B,55.9590
Affx-88866995,5B,56.5840
Affx-88867138,5B,56.5840
Affx-88866916,5B,56.8946
Affx-88872392,5B,59.4310
Affx-88868003,5B,60.8482
Affx-88902961,5B,61.3147
Affx-88868488,5B,62.2536
Affx-88868760,5B,62.5642
Affx-88812008,5B,63.8182
Affx-88869188,5B,63.8182
Affx-88869376,5B,64.1288
Affx-88866551,5B,65.3949
Affx-88870332,5B,66.0160
Affx-88870106,5B,66.9516
Affx-88837948,5B,67.5727
Affx-88837940,5B,68.8228
Affx-88870452,5B,68.8228
Affx-88870401,5B,68.8228
Affx-88870017,5B,69.7663
Affx-88811379,5B,70.3913
Affx-88869830,5B,70.3913
Affx-88871114,5B,72.3654
Affx-88811091,5B,73.3463
Affx-88872134,5B,88.3293
Affx-88866159,5B,90.3034
Affx-88866091,5B,90.3034
Affx-88866125,5B,90.7706
Affx-88871559,5B,91.7108
Affx-88871569,5B,92.1779
Affx-88871687,5B,93.1181
Affx-88871631,5B,93.1181
Affx-88871815,5B,94.3842
Affx-88858519,5C,0.0000
Affx-88859559,5C,0.6211
Affx-88859803,5C,1.8712
Affx-88860021,5C,2.4923
Affx-88860030,5C,2.4923
Affx-88860075,5C,3.0044
Affx-88860069,5C,3.2814
Affx-88860037,5C,3.2814
Affx-88850724,5C,4.0351
Affx-88851035,5C,5.0657
Affx-88851079,5C,5.5778
Affx-88861274,5C,6.0899
Affx-88860480,5C,6.4986
Affx-88850801,5C,7.2877
Affx-88850809,5C,7.2877
Affx-88850808,5C,7.2877
Affx-88850807,5C,7.2877
Affx-88860878,5C,7.6457
Affx-88861112,5C,8.0768
Affx-88860797,5C,8.1578
Affx-88860675,5C,8.6699
Affx-88861758,5C,8.8660
Affx-88860917,5C,8.8660
Affx-88861787,5C,8.8660
Affx-88861361,5C,9.6551
Affx-88861454,5C,9.6551
Affx-88861351,5C,9.7005
Affx-88861599,5C,9.7005
Affx-88861442,5C,10.2126
Affx-88861627,5C,11.2433
Affx-88861724,5C,11.2433
Affx-88861835,5C,11.2433
Affx-88861965,5C,11.7091
Affx-88861977,5C,12.1750
Affx-88861975,5C,12.1750
Affx-88862149,5C,12.4855
Affx-88861994,5C,12.4855
Affx-88903921,5C,13.4211
Affx-88863360,5C,13.4211
Affx-88863335,5C,13.4211
Affx-88903555,5C,14.0462
Affx-88863283,5C,14.0462
Affx-88863201,5C,14.5120
Affx-88863183,5C,14.9778
Affx-88863092,5C,15.2884
Affx-88863006,5C,16.5759
Affx-88862699,5C,17.2156
Affx-88862617,5C,17.8554
Affx-88862603,5C,17.8554
Affx-88862508,5C,18.4951
Affx-88862598,5C,19.1348
Affx-88862296,5C,20.4223
Affx-88864747,5C,21.7098
Affx-88864637,5C,22.9973
Affx-88864465,5C,24.2848
Affx-88864237,5C,24.9246
Affx-88864111,5C,25.5643
Affx-88863837,5C,26.8518
Affx-88863794,5C,27.4915
Affx-88865689,5C,35.8970
Affx-88865277,5C,36.5006
Affx-88865534,5C,36.5006
Affx-88865480,5C,36.5006
Affx-88865401,5C,36.5006
Affx-88865396,5C,36.5006
Affx-88865350,5C,36.8111
Affx-88865481,5C,37.1217
Affx-88865248,5C,37.4323
Affx-88865258,5C,37.4323
Affx-88865063,5C,38.3679
Affx-88864966,5C,38.6784
Affx-88866799,5C,39.6140
Affx-88867176,5C,39.6140
Affx-88867064,5C,40.2390
Affx-88866638,5C,42.2231
Affx-88904024,5C,43.2090
Affx-88865885,5C,44.1948
Affx-88867555,5C,45.1806
Affx-88868401,5C,47.1647
Affx-88868451,5C,47.1647
Affx-88868426,5C,47.1647
Affx-88868146,5C,48.4148
Affx-88868258,5C,48.4148
Affx-88867885,5C,49.0359
Affx-88867965,5C,49.0359
Affx-88867979,5C,49.0359
Affx-88867685,5C,49.6570
Affx-88868905,5C,49.6570
Affx-88869018,5C,49.6570
Affx-88869321,5C,50.3896
Affx-88869447,5C,51.1222
Affx-88811928,5C,51.8548
Affx-88811924,5C,51.8548
Affx-88867384,5C,54.7394
Affx-88866563,5C,54.7394
Affx-88869758,5C,55.5218
Affx-88867433,5C,56.3041
Affx-88870448,5C,57.8726
Affx-88870231,5C,57.8726
Affx-88837967,5C,57.8726
Affx-88837932,5C,57.8726
Affx-88870218,5C,58.1832
Affx-88870190,5C,58.1832
Affx-88869997,5C,59.4385
Affx-88811372,5C,60.0623
Affx-88869877,5C,60.0623
Affx-88811217,5C,60.6834
Affx-88811210,5C,60.6834
Affx-88811229,5C,60.9940
Affx-88811025,5C,61.3045
Affx-88870900,5C,61.9257
Affx-88871082,5C,61.9257
Affx-88870943,5C,62.3898
Affx-88870957,5C,62.3898
Affx-88870499,5C,62.8643
Affx-88870831,5C,63.7998
Affx-88872229,5C,64.7534
Affx-88872159,5C,65.6920
Affx-88872018,5C,65.6920
Affx-88870469,5C,66.4753
Affx-88871950,5C,66.7276
Affx-88871939,5C,67.2587
Affx-88866081,5C,68.0420
Affx-88871665,5C,68.8254
Affx-88866093,5C,68.8254
Affx-88871506,5C,68.8254
Affx-88858561,5D,0.0000
Affx-88858711,5D,0.0000
Affx-88858675,5D,0.0000
Affx-88858385,5D,0.3106
Affx-88858971,5D,0.3106
Affx-88859050,5D,0.3106
Affx-88859282,5D,0.9317
Affx-88859481,5D,0.9317
Affx-88859431,5D,0.9317
Affx-88859653,5D,3.1663
Affx-88859802,5D,3.1663
Affx-88860093,5D,4.5796
Affx-88860061,5D,5.4362
Affx-88866540,5D,5.9930
Affx-88860269,5D,5.9930
Affx-88860135,5D,5.9930
Affx-88860325,5D,6.3036
Affx-88860356,5D,6.8870
Affx-88860338,5D,6.9676
Affx-88860509,5D,7.6316
Affx-88850805,5D,8.2956
Affx-88861231,5D,10.3128
Affx-88861068,5D,11.6492
Affx-88861031,5D,12.9855
Affx-88860912,5D,13.6495
Affx-88860883,5D,14.3135
Affx-88860731,5D,14.9775
Affx-88860707,5D,16.9948
Affx-88861401,5D,17.6588
Affx-88861439,5D,18.3227
Affx-88861622,5D,20.3400
Affx-88861942,5D,21.6764
Affx-88862016,5D,22.3403
Affx-88862015,5D,22.3403
Affx-88862104,5D,23.0043
Affx-88862099,5D,23.6683
Affx-88862150,5D,24.3323
Affx-88863297,5D,24.9963
Affx-88862979,5D,27.7033
Affx-88862912,5D,27.7033
Affx-88862670,5D,28.1691
Affx-88862451,5D,28.6350
Affx-88864733,5D,29.8891
Affx-88864800,5D,29.8891
Affx-88864652,5D,30.6714
Affx-88864387,5D,31.4537
Affx-88864293,5D,32.0001
Affx-88864075,5D,32.5466
Affx-88864041,5D,33.0930
Affx-88863894,5D,33.6395
Affx-88863973,5D,33.6395
Affx-88863736,5D,34.2606
Affx-88863679,5D,34.2606
Affx-88863648,5D,34.5711
Affx-88863584,5D,34.5711
Affx-88863565,5D,34.8817
Affx-88865641,5D,35.5067
Affx-88863473,5D,35.5067
Affx-88865635,5D,35.9726
Affx-88865660,5D,36.4384
Affx-88865570,5D,37.0596
Affx-88865562,5D,37.0596
Affx-88865379,5D,37.6807
Affx-88865375,5D,37.6807
Affx-88864912,5D,38.6163
Affx-88864998,5D,38.6163
Affx-88864852,5D,39.7478
Affx-88872278,5D,40.8794
Affx-88868054,5D,43.1567
Affx-88867163,5D,43.7797
Affx-88867867,5D,44.4028
Affx-88868906,5D,44.4028
Affx-88868960,5D,44.4028
Affx-88866891,5D,45.6529
Affx-88869403,5D,46.2740
Affx-88867350,5D,46.8951
Affx-88869937,5D,47.5163
Affx-88873244,6A,0.0000
Affx-88873278,6A,5.0545
Affx-88873333,6A,5.0545
Affx-88873407,6A,5.0545
Affx-88873039,6A,5.3650
Affx-88873015,6A,5.3650
Affx-88872755,6A,5.6756
Affx-88872967,6A,5.6756
Affx-88872735,6A,6.6191
Affx-88872857,6A,7.5626
Affx-88872761,6A,7.8732
Affx-88872757,6A,8.1837
Affx-88872738,6A,8.1837
Affx-88819015,6A,8.4943
Affx-88872722,6A,8.4943
Affx-88872672,6A,8.8049
Affx-88872619,6A,8.8049
Affx-88818791,6A,10.2262
Affx-88874487,6A,10.6940
Affx-88874501,6A,11.1618
Affx-88874133,6A,12.1034
Affx-88873991,6A,12.5712
Affx-88873963,6A,14.7808
Affx-88873906,6A,15.7164
Affx-88816276,6A,16.0270
Affx-88816436,6A,18.5760
Affx-88816349,6A,18.8866
Affx-88874612,6A,20.7736
Affx-88874916,6A,21.0842
Affx-88874928,6A,21.7092
Affx-88874879,6A,22.6448
Affx-88874822,6A,23.2659
Affx-88874780,6A,23.8909
Affx-88876999,6A,24.2015
Affx-88876966,6A,25.1371
Affx-88876899,6A,25.7582
Affx-88876630,6A,26.0688
Affx-88876797,6A,26.0688
Affx-88876674,6A,26.6899
Affx-88876516,6A,26.6899
Affx-88876498,6A,27.0005
Affx-88876403,6A,27.3110
Affx-88876489,6A,27.3110
Affx-88876441,6A,27.8702
Affx-88876376,6A,28.4294
Affx-88876363,6A,28.7169
Affx-88876287,6A,29.4154
Affx-88876286,6A,29.5548
Affx-88876135,6A,30.1139
Affx-88876092,6A,30.1139
Affx-88876158,6A,30.1139
Affx-88876002,6A,30.6513
Affx-88876054,6A,30.8498
Affx-88875992,6A,31.7327
Affx-88875922,6A,32.2700
Affx-88875603,6A,32.3308
Affx-88875853,6A,32.8074
Affx-88875575,6A,33.0667
Affx-88875604,6A,33.3447
Affx-88875582,6A,33.8820
Affx-88875411,6A,34.4194
Affx-88875317,6A,34.9567
Affx-88875391,6A,35.3023
Affx-88875298,6A,36.0382
Affx-88875301,6A,36.0382
Affx-88875233,6A,36.0382
Affx-88875226,6A,36.3487
Affx-88875209,6A,36.9698
Affx-88875154,6A,37.2804
Affx-88875187,6A,37.2804
Affx-88877204,6A,37.9054
Affx-88874997,6A,37.9054
Affx-88877264,6A,38.5266
Affx-88877304,6A,38.5266
Affx-88877282,6A,38.5266
Affx-88877414,6A,39.1496
Affx-88877529,6A,39.7727
Affx-88877463,6A,39.7727
Affx-88877585,6A,40.2386
Affx-88877707,6A,40.7044
Affx-88877667,6A,40.7044
Affx-88877709,6A,40.7044
Affx-88878863,6A,41.0150
Affx-88878911,6A,41.0150
Affx-88878891,6A,41.3255
Affx-88823058,6A,41.7914
Affx-88878733,6A,42.2572
Affx-88878734,6A,42.2572
Affx-88878730,6A,42.2572
Affx-88877887,6A,42.5678
Affx-88877864,6A,42.5678
Affx-88877811,6A,43.0845
Affx-88877804,6A,43.3462
Affx-88878967,6A,44.1245
Affx-88877739,6A,44.1245
Affx-88877750,6A,44.1245
Affx-88879005,6A,44.7476
Affx-88879168,6A,45.3707
Affx-88879110,6A,45.3707
Affx-88879130,6A,45.3707
Affx-88879160,6A,45.9918
Affx-88879163,6A,45.9918
Affx-88879174,6A,46.3024
Affx-88879180,6A,46.3024
Affx-88879164,6A,46.3024
Affx-88880041,6A,47.2380
Affx-88879207,6A,47.2380
Affx-88879216,6A,47.5485
Affx-88880028,6A,47.8591
Affx-88879959,6A,48.1696
Affx-88879980,6A,48.4802
Affx-88879937,6A,49.7463
Affx-88879925,6A,49.7463
Affx-88881418,6A,51.3230
Affx-88879674,6A,51.3230
Affx-88879790,6A,52.2665
Affx-88879676,6A,52.2665
Affx-88881237,6A,52.5770
Affx-88881238,6A,52.5770
Affx-88880972,6A,53.0429
Affx-88880897,6A,53.5087
Affx-88881141,6A,53.5087
Affx-88880842,6A,53.5087
Affx-88881156,6A,54.1338
Affx-88881088,6A,54.1338
Affx-88878370,6A,57.5848
Affx-88880412,6A,63.4111
Affx-88880447,6A,65.6973
Affx-88880387,6A,66.8332
Affx-88878087,6A,66.8332
Affx-88878240,6A,67.4543
Affx-88878061,6A,67.4543
Affx-88878132,6A,68.0754
Affx-88878062,6A,68.0754
Affx-88877984,6A,68.3860
Affx-88881908,6A,68.3860
Affx-88882462,6A,69.0071
Affx-88882197,6A,69.0071
Affx-88903701,6A,69.0071
Affx-88882344,6A,69.6322
Affx-88882425,6A,69.9427
Affx-88882372,6A,69.9427
Affx-88882530,6A,70.2533
Affx-88882498,6A,70.2533
Affx-88882566,6A,70.8744
Affx-88882569,6A,70.8744
Affx-88882652,6A,71.1850
Affx-88882645,6A,71.1850
Affx-88882839,6A,72.7535
Affx-88882967,6A,72.7535
Affx-88883047,6A,72.7535
Affx-88882837,6A,72.7535
Affx-88883077,6A,73.9295
Affx-88883611,6A,75.9150
Affx-88883732,6A,75.9150
Affx-88883546,6A,75.9150
Affx-88883409,6A,76.5361
Affx-88883446,6A,77.1650
Affx-88883830,6A,77.7861
Affx-88884260,6A,77.7861
Affx-88884200,6A,78.4073
Affx-88884129,6A,78.4073
Affx-88884160,6A,78.4073
Affx-88856121,6A,80.3631
Affx-88856188,6A,81.3350
Affx-88855854,6A,82.3068
Affx-88884481,6A,83.2786
Affx-88884484,6A,84.2505
Affx-88884784,6A,86.2063
Affx-88884581,6A,87.1782
Affx-88884828,6A,89.1340
Affx-88884837,6A,90.1059
Affx-88885037,6A,91.0777
Affx-88884942,6A,92.0495
Affx-88885768,6A,92.6304
Affx-88885785,6A,93.0868
Affx-88885839,6A,94.0054
Affx-88885583,6A,94.0054
Affx-88885872,6A,94.0054
Affx-88886052,6A,94.3160
Affx-88886072,6A,94.3160
Affx-88886202,6A,94.6265
Affx-88886265,6A,94.6265
Affx-88886394,6A,95.2496
Affx-88886412,6A,95.8727
Affx-88880236,6A,95.8727
Affx-88886802,6A,95.8727
Affx-88886719,6A,96.1832
Affx-88886727,6A,96.1832
Affx-88886564,6A,96.5973
Affx-88880176,6A,97.0114
Affx-88880068,6A,97.4255
Affx-88880108,6A,97.4255
Affx-88833942,6A,97.8913
Affx-88833871,6A,98.3572
Affx-88833838,6A,98.3572
Affx-88833820,6A,98.3572
Affx-88887069,6A,99.6113
Affx-88888943,6A,99.6113
Affx-88888818,6A,99.6113
Affx-88887256,6A,100.5469
Affx-88888717,6A,100.5469
Affx-88889873,6A,100.8574
Affx-88887295,6A,101.1680
Affx-88889784,6A,101.1680
Affx-88887388,6A,101.4785
Affx-88887345,6A,101.4785
Affx-88887419,6A,101.7891
Affx-88887375,6A,101.7891
Affx-88887577,6A,102.3365
Affx-88887540,6A,102.5069
Affx-88887591,6A,102.8839
Affx-88887721,6A,103.9856
Affx-88887815,6A,104.5330
Affx-88887764,6A,104.5330
Affx-88888050,6A,108.5157
Affx-88888117,6A,108.5157
Affx-88888248,6A,109.1408
Affx-88888220,6A,109.1408
Affx-88888262,6A,110.0764
Affx-88888315,6A,110.0764
Affx-88888287,6A,110.0764
Affx-88888353,6A,110.5093
Affx-88888372,6A,111.1753
Affx-88849641,6A,112.2741
Affx-88888605,6A,112.2741
Affx-88888442,6A,112.2741
Affx-88888483,6A,112.2741
Affx-88888492,6A,112.2741
Affx-88888428,6A,112.2741
Affx-88888597,6A,112.2741
Affx-88873557,6A,112.5847
Affx-88873809,6A,112.8953
Affx-88873624,6A,112.8953
Affx-88890322,6A,113.5164
Affx-88849781,6A,113.5164
Affx-88849810,6A,113.5164
Affx-88890026,6A,113.8270
Affx-88890202,6A,113.8270
Affx-88890410,6A,115.0810
Affx-88890427,6A,115.0810
Affx-88890359,6A,115.0810
Affx-88890436,6A,115.3916
Affx-88890548,6A,115.7022
Affx-88890488,6A,115.7022
Affx-88890631,6A,116.0127
Affx-88890733,6A,116.6378
Affx-88890874,6A,116.6378
Affx-88891025,6A,116.9483
Affx-88891037,6A,116.9483
Affx-88891038,6A,120.1341
Affx-88872686,6B,0.0000
Affx-88872521,6B,0.6211
Affx-88818945,6B,1.2423
Affx-88902739,6B,1.2423
Affx-88818913,6B,1.5528
Affx-88818882,6B,2.0809
Affx-88818772,6B,3.0701
Affx-88818797,6B,3.1438
Affx-88874123,6B,3.8240
Affx-88818743,6B,4.2067
Affx-88874090,6B,4.5779
Affx-88818665,6B,4.7348
Affx-88874383,6B,5.2629
Affx-88873920,6B,5.3318
Affx-88874318,6B,5.7910
Affx-88816184,6B,6.0857
Affx-88816253,6B,6.8396
Affx-88874199,6B,6.8539
Affx-88816268,6B,7.5935
Affx-88816272,6B,7.5935
Affx-88873957,6B,7.9168
Affx-88874087,6B,8.4449
Affx-88874043,6B,8.9730
Affx-88816441,6B,9.8839
Affx-88816233,6B,10.0359
Affx-88816329,6B,10.5640
Affx-88874627,6B,10.6378
Affx-88816437,6B,11.0922
Affx-88877113,6B,12.1550
Affx-88874657,6B,12.1550
Affx-88902649,6B,12.1550
Affx-88876969,6B,12.6667
Affx-88876693,6B,13.6965
Affx-88876871,6B,13.7452
Affx-88876877,6B,13.7452
Affx-88876870,6B,13.7452
Affx-88876495,6B,14.2082
Affx-88876300,6B,14.7199
Affx-88876090,6B,15.2316
Affx-88877629,6B,27.5931
Affx-88877879,6B,28.6230
Affx-88877853,6B,29.6528
Affx-88904064,6B,30.6826
Affx-88879014,6B,32.2371
Affx-88879057,6B,33.2670
Affx-88879664,6B,34.2968
Affx-88879240,6B,34.8085
Affx-88880742,6B,43.1692
Affx-88881032,6B,43.9593
Affx-88898801,6B,47.1803
Affx-88880413,6B,48.7705
Affx-88878017,6B,50.3606
Affx-88882289,6B,51.9508
Affx-88882445,6B,52.7409
Affx-88882614,6B,53.5310
Affx-88882832,6B,54.3211
Affx-88882947,6B,55.1112
Affx-88883136,6B,56.7013
Affx-88883220,6B,57.4914
Affx-88883798,6B,58.2815
Affx-88883397,6B,59.0716
Affx-88883391,6B,59.8617
Affx-88884225,6B,60.6518
Affx-88885308,6B,73.6773
Affx-88885377,6B,74.4674
Affx-88885494,6B,75.2575
Affx-88885752,6B,79.3099
Affx-88886038,6B,80.1000
Affx-88886310,6B,80.8901
Affx-88846504,6B,82.4803
Affx-88886696,6B,83.2704
Affx-88886463,6B,85.6708
Affx-88880227,6B,86.4609
Affx-88880175,6B,87.2510
Affx-88880137,6B,88.0411
Affx-88888940,6B,91.2621
Affx-88888841,6B,92.0522
Affx-88887187,6B,92.8424
Affx-88887218,6B,93.6325
Affx-88887446,6B,95.2226
Affx-88887546,6B,96.0127
Affx-88887887,6B,99.2338
Affx-88887939,6B,100.0239
Affx-88888253,6B,101.6140
Affx-88888307,6B,101.6140
Affx-88888603,6B,102.8641
Affx-88873754,6B,103.4852
Affx-88888452,6B,103.5010
Affx-88849692,6B,104.1063
Affx-88890079,6B,104.7275
Affx-88890288,6B,105.3486
Affx-88890516,6B,105.9697
Affx-88890841,6B,106.5908
Affx-88839429,6C,0.0000
Affx-88818757,6C,0.6211
Affx-88818758,6C,3.8481
Affx-88874073,6C,4.4692
Affx-88874062,6C,4.7797
Affx-88874728,6C,8.6278
Affx-88876976,6C,8.9384
Affx-88876552,6C,9.2489
Affx-88876833,6C,9.2489
Affx-88874775,6C,9.2489
Affx-88876660,6C,9.5595
Affx-88876532,6C,10.4951
Affx-88875887,6C,10.4951
Affx-88876530,6C,10.4951
Affx-88876284,6C,10.4951
Affx-88876169,6C,10.8056
Affx-88876166,6C,10.8056
Affx-88876111,6C,11.4268
Affx-88875701,6C,11.4268
Affx-88875675,6C,11.4268
Affx-88875686,6C,11.8260
Affx-88875804,6C,12.6294
Affx-88875515,6C,13.0286
Affx-88875425,6C,14.2415
Affx-88877241,6C,18.7766
Affx-88877652,6C,19.3184
Affx-88877743,6C,20.4088
Affx-88877762,6C,20.9505
Affx-88877907,6C,21.4923
Affx-88878781,6C,23.1382
Affx-88878840,6C,24.2286
Affx-88878925,6C,24.7703
Affx-88879035,6C,25.3121
Affx-88879930,6C,26.4024
Affx-88879920,6C,26.9442
Affx-88881384,6C,28.5901
Affx-88881222,6C,29.1319
Affx-88880907,6C,29.6737
Affx-88883800,6C,57.2908
Affx-88883654,6C,57.8325
Affx-88882488,6C,65.0949
Affx-88882845,6C,65.8227
Affx-88883775,6C,66.5504
Affx-88884267,6C,67.2781
Affx-88884292,6C,67.2781
Affx-88884304,6C,67.2781
Affx-88884096,6C,68.0058
Affx-88883962,6C,68.7336
Affx-88856175,6C,69.4613
Affx-88855911,6C,70.9259
Affx-88855861,6C,71.6536
Affx-88855874,6C,71.6536
Affx-88884604,6C,72.5274
Affx-88884762,6C,72.7445
Affx-88884802,6C,73.4012
Affx-88884875,6C,73.8354
Affx-88884852,6C,73.8354
Affx-88884971,6C,74.3534
Affx-88884965,6C,75.3960
Affx-88885237,6C,75.3960
Affx-88885438,6C,75.8877
Affx-88885215,6C,76.2390
Affx-88885220,6C,77.0819
Affx-88885705,6C,77.9249
Affx-88886447,6C,81.3616
Affx-88886189,6C,82.2045
Affx-88880135,6C,83.0475
Affx-88889897,6C,83.3988
Affx-88833971,6C,83.8905
Affx-88833933,6C,83.8905
Affx-88833855,6C,84.5155
Affx-88886954,6C,84.5155
Affx-88886906,6C,84.8261
Affx-88833809,6C,84.8261
Affx-88887052,6C,85.1366
Affx-88888875,6C,85.4472
Affx-88888835,6C,85.4472
Affx-88888665,6C,86.0683
Affx-88887140,6C,86.0683
Affx-88887386,6C,87.0039
Affx-88887331,6C,87.3145
Affx-88904165,6C,87.6251
Affx-88887408,6C,87.6251
Affx-88887496,6C,87.9356
Affx-88887431,6C,87.9356
Affx-88902807,6C,89.5042
Affx-88887311,6C,91.0727
Affx-88887522,6C,91.0727
Affx-88887548,6C,91.8550
Affx-88887682,6C,92.6373
Affx-88887752,6C,92.9993
Affx-88887855,6C,93.3613
Affx-88888155,6C,94.4611
Affx-88887908,6C,94.8231
Affx-88887926,6C,95.4481
Affx-88881574,6C,95.4481
Affx-88888054,6C,95.4481
Affx-88888360,6C,96.3916
Affx-88888212,6C,96.3916
Affx-88888308,6C,97.5499
Affx-88888327,6C,98.1253
Affx-88888570,6C,98.7008
Affx-88873515,6C,99.2763
Affx-88889963,6C,99.8518
Affx-88873558,6C,99.8518
Affx-88849817,6C,99.8518
Affx-88890364,6C,100.4729
Affx-88890601,6C,101.0941
Affx-88890408,6C,101.1019
Affx-88890955,6C,101.7152
Affx-88890678,6C,101.7230
Affx-88890816,6C,102.9653
Affx-88872479,6D,0.0000
Affx-88873480,6D,0.6211
Affx-88873089,6D,1.2423
Affx-88872495,6D,1.8634
Affx-88873402,6D,1.8634
Affx-88872562,6D,1.8634
Affx-88872478,6D,1.8634
Affx-88873324,6D,1.8634
Affx-88873468,6D,1.8634
Affx-88873292,6D,2.1739
Affx-88873280,6D,2.4845
Affx-88873142,6D,3.1056
Affx-88873137,6D,3.4162
Affx-88872981,6D,4.2487
Affx-88872863,6D,4.6624
Affx-88872996,6D,4.6624
Affx-88872903,6D,4.9729
Affx-88872813,6D,5.4388
Affx-88872748,6D,5.4388
Affx-88872824,6D,5.9046
Affx-88872695,6D,6.2152
Affx-88872690,6D,6.2152
Affx-88818986,6D,6.7609
Affx-88818910,6D,7.8591
Affx-88818619,6D,8.4048
Affx-88818616,6D,8.7154
Affx-88818729,6D,9.3365
Affx-88818783,6D,9.3365
Affx-88874548,6D,10.0858
Affx-88874228,6D,11.2168
Affx-88874308,6D,11.5891
Affx-88874068,6D,13.1068
Affx-88816365,6D,16.6237
Affx-88816481,6D,17.5593
Affx-88874718,6D,19.4504
Affx-88874931,6D,19.7610
Affx-88876747,6D,22.0957
Affx-88876537,6D,22.6684
Affx-88876555,6D,23.2411
Affx-88876359,6D,23.8744
Affx-88876293,6D,24.5078
Affx-88875978,6D,26.4320
Affx-88875872,6D,27.7066
Affx-88875875,6D,28.3400
Affx-88875585,6D,30.2642
Affx-88875623,6D,30.2642
Affx-88875676,6D,30.8975
Affx-88875625,6D,31.5309
Affx-88875556,6D,33.4550
Affx-88875500,6D,34.7297
Affx-88875048,6D,35.3631
Affx-88875033,6D,35.9964
Affx-88877412,6D,37.9206
Affx-88877434,6D,37.9206
Affx-88877337,6D,38.5540
Affx-88877901,6D,40.4781
Affx-88877687,6D,40.4781
Affx-88878787,6D,42.6877
Affx-88878897,6D,42.6877
Affx-88878818,6D,43.6233
Affx-88878886,6D,43.6233
Affx-88875558,6D,45.1919
Affx-88878975,6D,45.1919
Affx-88879099,6D,47.4098
Affx-88879898,6D,47.4098
Affx-88879740,6D,48.1700
Affx-88879684,6D,49.7000
Affx-88881117,6D,51.2300
Affx-88881181,6D,52.3268
Affx-88880963,6D,53.4236
Affx-88881170,6D,53.9693
Affx-88880932,6D,54.5150
Affx-88880701,6D,55.6133
Affx-88880758,6D,55.6133
Affx-88878319,6D,57.1898
Affx-88881592,6D,57.1898
Affx-88903382,6D,57.1898
Affx-88880452,6D,58.7664
Affx-88880503,6D,58.7664
Affx-88881887,6D,59.5487
Affx-88881985,6D,60.3310
Affx-88882681,6D,60.9559
Affx-88883254,6D,67.5847
Affx-88883774,6D,68.8387
Affx-88883766,6D,69.7743
Affx-88883509,6D,71.2190
Affx-88884213,6D,71.9322
Affx-88883630,6D,72.2866
Affx-88883372,6D,73.2301
Affx-88883909,6D,76.9044
Affx-88856008,6D,77.3433
Affx-88883972,6D,78.6768
Affx-88856127,6D,80.2453
Affx-88885173,6D,89.4287
Affx-88885178,6D,90.0537
Affx-88885119,6D,91.3118
Affx-88885543,6D,92.5699
Affx-88885555,6D,92.5699
Affx-88885231,6D,92.8805
Affx-88885673,6D,93.5055
Affx-88885521,6D,93.8161
Affx-88885663,6D,94.1266
Affx-88885809,6D,95.0701
Affx-88885836,6D,95.0701
Affx-88886136,6D,96.9571
Affx-88886380,6D,97.5783
Affx-88886163,6D,97.8888
Affx-88886360,6D,97.8888
Affx-88846553,6D,98.7831
Affx-88886534,6D,101.5001
Affx-88880204,6D,103.2999
Affx-88833791,6D,104.1942
Affx-88903526,6D,106.9112
Affx-88888784,6D,107.2217
Affx-88887236,6D,107.2217
Affx-88887440,6D,107.8468
Affx-88887416,6D,108.1573
Affx-88887777,6D,109.4074
Affx-88888202,6D,111.2944
Affx-88887962,6D,111.2944
Affx-88888206,6D,111.9155
Affx-88888343,6D,114.4519
Affx-88888392,6D,115.0731
Affx-88888427,6D,116.3271
Affx-88888606,6D,117.2627
Affx-88873841,6D,118.8313
Affx-88873795,6D,119.4563
Affx-88849666,6D,119.7669
Affx-88873799,6D,120.3919
Affx-88849833,6D,121.0130
Affx-88890084,6D,121.3236
Affx-88890056,6D,121.6341
Affx-88890206,6D,122.2592
Affx-88890296,6D,122.5697
Affx-88890287,6D,122.5697
Affx-88870730,6D,123.1928
Affx-88890392,6D,123.8159
Affx-88890983,6D,125.8397
Affx-88891046,6D,126.3361
Affx-88904022,6D,126.9572
Affx-88890736,6D,126.9572
Affx-88890802,6D,126.9572
Affx-88890666,6D,127.5783
Affx-88893466,7A,0.0000
Affx-88837561,7A,1.2501
Affx-88893818,7A,1.2501
Affx-88893462,7A,1.5786
Affx-88893800,7A,1.9071
Affx-88896799,7A,6.9257
Affx-88896745,7A,6.9257
Affx-88895010,7A,7.2362
Affx-88894937,7A,7.5468
Affx-88894971,7A,7.8574
Affx-88893942,7A,8.1679
Affx-88895101,7A,8.1679
Affx-88837483,7A,8.4785
Affx-88837603,7A,8.7890
Affx-88837531,7A,8.7890
Affx-88837659,7A,9.0996
Affx-88895351,7A,10.0431
Affx-88895303,7A,10.0431
Affx-88837221,7A,10.6642
Affx-88837374,7A,11.1301
Affx-88837292,7A,11.5959
Affx-88895225,7A,11.5959
Affx-88837245,7A,12.1140
Affx-88837154,7A,13.1566
Affx-88837165,7A,13.1566
Affx-88896023,7A,14.4106
Affx-88896062,7A,14.4106
Affx-88896100,7A,14.4106
Affx-88895952,7A,14.7986
Affx-88895921,7A,15.1866
Affx-88895856,7A,15.9674
Affx-88895864,7A,15.9674
Affx-88895810,7A,16.9032
Affx-88903990,7A,17.8491
Affx-88895483,7A,18.7990
Affx-88895759,7A,19.7309
Affx-88893438,7A,19.7349
Affx-88895445,7A,20.1999
Affx-88895656,7A,21.6127
Affx-88895603,7A,21.6127
Affx-88895507,7A,25.1507
Affx-88893200,7A,26.9087
Affx-88893048,7A,30.4467
Affx-88816843,7A,32.2047
Affx-88892713,7A,33.9626
Affx-88892623,7A,37.5007
Affx-88892248,7A,37.5007
Affx-88892210,7A,37.8112
Affx-88892042,7A,38.4324
Affx-88892155,7A,39.3680
Affx-88892410,7A,40.3115
Affx-88892521,7A,41.5776
Affx-88892168,7A,43.1705
Affx-88891945,7A,44.1060
Affx-88891997,7A,44.4166
Affx-88891937,7A,45.0416
Affx-88903353,7A,45.3522
Affx-88891755,7A,46.2878
Affx-88891689,7A,46.9089
Affx-88891691,7A,46.9089
Affx-88891639,7A,47.2195
Affx-88891600,7A,47.5301
Affx-88891637,7A,47.5301
Affx-88897249,7A,48.2066
Affx-88897339,7A,49.8706
Affx-88897367,7A,50.2618
Affx-88897468,7A,50.9383
Affx-88897502,7A,51.6149
Affx-88897489,7A,51.6149
Affx-88897654,7A,53.1915
Affx-88897657,7A,53.1915
Affx-88897646,7A,53.1915
Affx-88897703,7A,53.5021
Affx-88903665,7A,53.5021
Affx-88897521,7A,53.8126
Affx-88897613,7A,54.1232
Affx-88897784,7A,55.0667
Affx-88897989,7A,55.3773
Affx-88897974,7A,55.6878
Affx-88897882,7A,55.6878
Affx-88898581,7A,56.9432
Affx-88898595,7A,57.5669
Affx-88898600,7A,57.5669
Affx-88823056,7A,58.0155
Affx-88898417,7A,58.5766
Affx-88898279,7A,59.8440
Affx-88898233,7A,60.7468
Affx-88898262,7A,60.7468
Affx-88898104,7A,61.1953
Affx-88898220,7A,61.6438
Affx-88898235,7A,61.6438
Affx-88898193,7A,61.6438
Affx-88898874,7A,63.2205
Affx-88898908,7A,63.2205
Affx-88898925,7A,63.2205
Affx-88898940,7A,64.0005
Affx-88898945,7A,64.7805
Affx-88899299,7A,64.7882
Affx-88899512,7A,65.3042
Affx-88899492,7A,65.3042
Affx-88899222,7A,66.3503
Affx-88899756,7A,66.8719
Affx-88899306,7A,67.1304
Affx-88899883,7A,67.9104
Affx-88900041,7A,68.2720
Affx-88899962,7A,69.7465
Affx-88899947,7A,70.1082
Affx-88899380,7A,71.2209
Affx-88899365,7A,71.5826
Affx-88900093,7A,71.9443
Affx-88900178,7A,72.3059
Affx-88900301,7A,72.3059
Affx-88900350,7A,72.3059
Affx-88900374,7A,72.7536
Affx-88902414,7A,73.3202
Affx-88902466,7A,73.6545
Affx-88902173,7A,74.3344
Affx-88902351,7A,74.5553
Affx-88902025,7A,75.3487
Affx-88902186,7A,75.9153
Affx-88902099,7A,76.3629
Affx-88902016,7A,76.3629
Affx-88901871,7A,77.9395
Affx-88901780,7A,78.5646
Affx-88901680,7A,79.8307
Affx-88901684,7A,79.8307
Affx-88901331,7A,80.7663
Affx-88901353,7A,80.7663
Affx-88901109,7A,81.0768
Affx-88901113,7A,81.0768
Affx-88901546,7A,81.7019
Affx-88901121,7A,82.9680
Affx-88900902,7A,84.2341
Affx-88900574,7A,84.5446
Affx-88900474,7A,84.5446
Affx-88900712,7A,84.5446
Affx-88900789,7A,84.8552
Affx-88893482,7B,0.0000
Affx-88893869,7B,1.2501
Affx-88894619,7B,1.8712
Affx-88878696,7B,2.4923
Affx-88894743,7B,2.4923
Affx-88878665,7B,2.9582
Affx-88878625,7B,3.4240
Affx-88878629,7B,3.4240
Affx-88894395,7B,4.6781
Affx-88878503,7B,4.6781
Affx-88894399,7B,4.6781
Affx-88894216,7B,6.0346
Affx-88894242,7B,7.3912
Affx-88894123,7B,9.4389
Affx-88893965,7B,10.1130
Affx-88894833,7B,10.7870
Affx-88894870,7B,10.7870
Affx-88894828,7B,10.7870
Affx-88896956,7B,10.7870
Affx-88897028,7B,11.7226
Affx-88896606,7B,11.7226
Affx-88896661,7B,11.7226
Affx-88896333,7B,12.0332
Affx-88896266,7B,12.3437
Affx-88896218,7B,13.0455
Affx-88896219,7B,13.0455
Affx-88895030,7B,13.7472
Affx-88895138,7B,14.0363
Affx-88895314,7B,14.4489
Affx-88895214,7B,14.5935
Affx-88837216,7B,15.1506
Affx-88837291,7B,15.1506
Affx-88837126,7B,16.0862
Affx-88896150,7B,16.7073
Affx-88896077,7B,16.7073
Affx-88837120,7B,16.7073
Affx-88896018,7B,17.3324
Affx-88896000,7B,17.9574
Affx-88895962,7B,18.5769
Affx-88895924,7B,19.2107
Affx-88895769,7B,21.1026
Affx-88895694,7B,21.1026
Affx-88895722,7B,21.1026
Affx-88895630,7B,21.1026
Affx-88895595,7B,21.1026
Affx-88895665,7B,21.1026
Affx-88895631,7B,21.1026
Affx-88895734,7B,21.1026
Affx-88895703,7B,21.1026
Affx-88895480,7B,21.7276
Affx-88895543,7B,21.7276
Affx-88893361,7B,22.4551
Affx-88892994,7B,23.9368
Affx-88892778,7B,24.4787
Affx-88892587,7B,25.0205
Affx-88904186,7B,25.0205
Affx-88892245,7B,42.0159
Affx-88891996,7B,42.7434
Affx-88891934,7B,43.4709
Affx-88891871,7B,44.1985
Affx-88897421,7B,45.6626
Affx-88891615,7B,46.3902
Affx-88897573,7B,47.1177
Affx-88898285,7B,47.8452
Affx-88898382,7B,47.8452
Affx-88898361,7B,47.8452
Affx-88898245,7B,48.6255
Affx-88898957,7B,49.4058
Affx-88898195,7B,49.4058
Affx-88898841,7B,49.4058
Affx-88899011,7B,50.0256
Affx-88899148,7B,50.0282
Affx-88899363,7B,50.6507
Affx-88899554,7B,51.2731
Affx-88899442,7B,51.2731
Affx-88899528,7B,51.5837
Affx-88899535,7B,51.5837
Affx-88900057,7B,52.6131
Affx-88900066,7B,52.6131
Affx-88900168,7B,53.6425
Affx-88900398,7B,54.6719
Affx-88902478,7B,55.7013
Affx-88902468,7B,57.7730
Affx-88902305,7B,58.8024
Affx-88902132,7B,59.8318
Affx-88902086,7B,60.8612
Affx-88901543,7B,65.0578
Affx-88901403,7B,66.0872
Affx-88901158,7B,67.1166
Affx-88900670,7B,68.1460
Affx-88900986,7B,68.1460
Affx-88900983,7B,68.7671
Affx-88902761,7B,70.0172
Affx-88893468,7C,0.0000
Affx-88893465,7C,0.3106
Affx-88893705,7C,0.6211
Affx-88894623,7C,0.9317
Affx-88894711,7C,0.9317
Affx-88894787,7C,1.2423
Affx-88894718,7C,1.2423
Affx-88878511,7C,1.5528
Affx-88893980,7C,2.1778
Affx-88894001,7C,2.1778
Affx-88893972,7C,2.4884
Affx-88893957,7C,2.4884
Affx-88893966,7C,2.4884
Affx-88894907,7C,2.7990
Affx-88897063,7C,2.7990
Affx-88894914,7C,2.7990
Affx-88894852,7C,2.7990
Affx-88896905,7C,3.1095
Affx-88896904,7C,3.4201
Affx-88896447,7C,4.0451
Affx-88896751,7C,4.0451
Affx-88896679,7C,4.7971
Affx-88896361,7C,6.3104
Affx-88895097,7C,6.7589
Affx-88895227,7C,7.8237
Affx-88895228,7C,7.8237
Affx-88895253,7C,8.1343
Affx-88895252,7C,8.1343
Affx-88895333,7C,8.4448
Affx-88895402,7C,8.9001
Affx-88837564,7C,9.4217
Affx-88837476,7C,12.2130
Affx-88837459,7C,12.3894
Affx-88837368,7C,13.5963
Affx-88837260,7C,14.0516
Affx-88837175,7C,14.5069
Affx-88896146,7C,14.9622
Affx-88896182,7C,15.3571
Affx-88896035,7C,15.8786
Affx-88895988,7C,16.3339
Affx-88895899,7C,16.3339
Affx-88896002,7C,16.3339
Affx-88895929,7C,16.6788
Affx-88895911,7C,17.3730
Affx-88895830,7C,18.0672
Affx-88895647,7C,18.7614
Affx-88895466,7C,19.1063
Affx-88895551,7C,19.4513
Affx-88895613,7C,19.4513
Affx-88893332,7C,20.3266
Affx-88893403,7C,20.9136
Affx-88893260,7C,21.2018
Affx-88893316,7C,21.3950
Affx-88893262,7C,21.8763
Affx-88893301,7C,21.8763
Affx-88893254,7C,22.0771
Affx-88893152,7C,23.8387
Affx-88893032,7C,23.8387
Affx-88893060,7C,23.8387
Affx-88892840,7C,25.1048
Affx-88892845,7C,25.4154
Affx-88891995,7C,38.7551
Affx-88891915,7C,39.3801
Affx-88891705,7C,39.6907
Affx-88897230,7C,40.6342
Affx-88897907,7C,41.9537
Affx-88898068,7C,42.8278
Affx-88897652,7C,42.8278
Affx-88898033,7C,43.9533
Affx-88898228,7C,45.0788
Affx-88899000,7C,46.2043
Affx-88899071,7C,47.3298
Affx-88899374,7C,49.5950
Affx-88899495,7C,53.0144
Affx-88899826,7C,54.1399
Affx-88900089,7C,55.2654
Affx-88900125,7C,56.1938
Affx-88900143,7C,56.3909
Affx-88900196,7C,57.4968
Affx-88900264,7C,57.5164
Affx-88900330,7C,59.7816
Affx-88902465,7C,60.6175
Affx-88902450,7C,60.9071
Affx-88902400,7C,62.3661
Affx-88902411,7C,62.3661
Affx-88902242,7C,63.1723
Affx-88902013,7C,64.2978
Affx-88901691,7C,65.4233
Affx-88901800,7C,65.9566
Affx-88901665,7C,66.3855
Affx-88901289,7C,67.6885
Affx-88901516,7C,67.6885
Affx-88900939,7C,68.3097
Affx-88901217,7C,68.3097
Affx-88901316,7C,68.3097
Affx-88901290,7C,68.3097
Affx-88900536,7C,68.9308
Affx-88900842,7C,68.9308
Affx-88900483,7C,69.5519
Affx-88893591,7D,0.0000
Affx-88893782,7D,0.6211
Affx-88893775,7D,0.6211
Affx-88894098,7D,7.3960
Affx-88893990,7D,8.0171
Affx-88894756,7D,8.6383
Affx-88894847,7D,8.6383
Affx-88894891,7D,8.9488
Affx-88894906,7D,9.8923
Affx-88894902,7D,9.8923
Affx-88896762,7D,10.5135
Affx-88896490,7D,10.5135
Affx-88894929,7D,10.5135
Affx-88895122,7D,10.8240
Affx-88895130,7D,10.8240
Affx-88897021,7D,11.4491
Affx-88895285,7D,12.7151
Affx-88895177,7D,12.7151
Affx-88837181,7D,13.3363
Affx-88837574,7D,13.3363
Affx-88837263,7D,13.6468
Affx-88837349,7D,13.6468
Affx-88837056,7D,13.9574
Affx-88837086,7D,13.9574
Affx-88895969,7D,14.2680
Affx-88896161,7D,14.2680
Affx-88896119,7D,14.5785
Affx-88896114,7D,14.5785
Affx-88895896,7D,14.8891
Affx-88895907,7D,14.8891
Affx-88895817,7D,15.1996
Affx-88895831,7D,15.1996
Affx-88895621,7D,16.4537
Affx-88895716,7D,16.4537
Affx-88895605,7D,16.4537
Affx-88895607,7D,16.4537
Affx-88895589,7D,16.4537
Affx-88895623,7D,16.4537
Affx-88895715,7D,16.4537
Affx-88895529,7D,17.0788
Affx-88893396,7D,17.0788
Affx-88893107,7D,17.6999
Affx-88893069,7D,17.6999
Affx-88892932,7D,18.0104
Affx-88892747,7D,19.1033
Affx-88892598,7D,19.4706
Affx-88892731,7D,20.1961
Affx-88892504,7D,22.2853
Affx-88892438,7D,22.7977
Affx-88892395,7D,23.3102
Affx-88892273,7D,23.8226
Affx-88892167,7D,24.3351
Affx-88892141,7D,24.8475
Affx-88891791,7D,25.8789
Affx-88891746,7D,26.3913
Affx-88897154,7D,26.9038
Affx-88897798,7D,35.1444
Affx-88897866,7D,36.7309
Affx-88897940,7D,38.3174
Affx-88897961,7D,39.1056
Affx-88898733,7D,39.8939
Affx-88898631,7D,40.6822
Affx-88898566,7D,40.6822
Affx-88898537,7D,41.3034
Affx-88898288,7D,41.9245
Affx-88898487,7D,41.9245
Affx-88898495,7D,41.9245
Affx-88898497,7D,41.9245
Affx-88898398,7D,42.2350
Affx-88898176,7D,42.5456
Affx-88898230,7D,42.5456
Affx-88899098,7D,42.8562
Affx-88899091,7D,42.8562
Affx-88899154,7D,43.2284
Affx-88899329,7D,44.3592
Affx-88899487,7D,44.7314
Affx-88899580,7D,44.7314
Affx-88866557,7D,46.1942
Affx-88866567,7D,46.3788
Affx-88899971,7D,46.9210
Affx-88899894,7D,46.9210
Affx-88899912,7D,46.9210
Affx-88900011,7D,47.2316
Affx-88900033,7D,47.2316
Affx-88900149,7D,48.4857
Affx-88900188,7D,48.4857
Affx-88900185,7D,49.4292
Affx-88900186,7D,49.4292
Affx-88900281,7D,50.4718
Affx-88902498,7D,50.9898
Affx-88900360,7D,50.9898
Affx-88902495,7D,51.3004
Affx-88902336,7D,52.1329
Affx-88902184,7D,52.5465
Affx-88902211,7D,52.5465
Affx-88902175,7D,53.4821
Affx-88902070,7D,53.4821
Affx-88901918,7D,54.1032
Affx-88901677,7D,54.1032
Affx-88901852,7D,54.1032
Affx-88901841,7D,54.4138
Affx-88901718,7D,54.7244
Affx-88901643,7D,55.3455
Affx-88901636,7D,55.3455
Affx-88901393,7D,55.6947
Affx-88901271,7D,56.3975
Affx-88901087,7D,56.7467
Affx-88900992,7D,57.4495
Affx-88900758,7D,58.1523
Affx-88900591,7D,58.1523
Affx-88900752,7D,58.1523
Affx-88900411,7D,58.7734
Affx-88900444,7D,58.7734
